"shopname","num_comments","point_comments","phone_num","cost","food_type","district_name","location","area","time","service","delivery","takeout"
"Katz’s Delicatessen","12588","4 star rating","(212) 254-2246","Medium","Delis、 Sandwiches、 Soup","Lower East Side","205 E Houston St","Manhattan","8:00 AM - 10:30 PM","Outdoor seating、Delivery、Takeout、Sit-down dining、In-person visits、Shipping、Mobile services","true","true"
"Clinton Street Baking Company","5145","4 star rating","(646) 602-6263","Medium","Bakeries、 Breakfast & Brunch、 American (Traditional)","Lower East Side","4 Clinton St","Manhattan","9:00 AM - 4:00 PM",,"false","false"
"LoveMama","5230","4.5 star rating","(212) 254-5370","Medium","Thai、 Malaysian、 Vietnamese","East Village","174 2nd Ave","Manhattan","11:00 AM - 10:30 PM",,"false","false"
"Burger & Lobster - Flatiron NYC","5469","4 star rating","(646) 833-7532","Medium","Seafood、 Burgers、 American (New)","Flatiron","39 W 19th St","Manhattan","12:00 PM - 8:00 PM",,"false","false"
"Shake Shack","5605","4 star rating","(212) 889-6600","Medium","Burgers、 Food Stands、 Ice Cream & Frozen Yogurt","Flatiron","E 23rd St Madison Avenue","Manhattan","11:00 AM - 10:00 PM","Delivery","true","false"
"Eataly Flatiron","5654","4 star rating","(212) 229-2560","Medium","Italian、 Grocery、 Cafes","Flatiron","200 5th Ave","Manhattan","9:00 AM - 9:00 PM",,"false","false"
"Lombardi’s Pizza","6135","4 star rating","(212) 941-7994","Medium","Pizza","Nolita","32 Spring St","Manhattan","12:00 PM - 9:00 PM","Delivery、Takeout、Indoor dining、Curbside pickup","true","true"
"Joe’s Shanghai","6278","4 star rating","(212) 233-8888","Medium","Shanghainese、 Seafood、 Noodles","Chinatown","46 Bowery St","Manhattan","11:00 AM - 11:00 PM","Delivery、Takeout、Sit-down dining、Indoor dining","true","true"
"Ippudo Westside","3708","4 star rating","(212) 974-2500","Medium","Ramen","Theater District","321 W 51st St","Manhattan","11:30 AM - 3:30 PM, 5:00 PM - 10:00 PM",,"false","false"
"Balthazar","3090","4 star rating","(212) 965-1414","High","French、 Breakfast & Brunch","SoHo","80 Spring St","Manhattan","7:30 AM - 12:00 AM (Next day)","Delivery、Takeout、Sit-down dining、Outdoor seating、Indoor dining","true","true"
"Vanessa’s Dumpling House","2671","4 star rating","(212) 625-8008","Low","Chinese","Lower East Side","118A Eldridge St","Manhattan","11:00 AM - 8:30 PM","Outdoor seating、Delivery、Takeout、Sit-down dining、Curbside pickup","true","true"
"Empanada Mama - Hell’s Kitchen","2529","4 star rating","(212) 698-9008","Low","Latin American、 Food Delivery Services、 Burgers","Hell's Kitchen","765 9th Ave","Manhattan","8:00 AM - 5:00 AM (Next day)","Outdoor seating、Delivery、Sit-down dining、Indoor dining","true","false"
"Mamoun’s Falafel","2403","4 star rating","(212) 674-8685","Low","Middle Eastern、 Falafel","Greenwich Village","119 MacDougal St","Manhattan","11:00 AM - 12:00 AM (Next day)","Outdoor seating、Delivery、Takeout、Curbside pickup","true","true"
"Minetta Tavern","2216","4 star rating","(212) 475-3850","High","French、 American (New)、 Breakfast & Brunch","Greenwich Village","113 Macdougal St","Manhattan","4:30 PM - 10:00 PM","Delivery、Takeout、Indoor dining","true","true"
"Marea","2103","4 star rating","(212) 582-5100","High","Italian、 Seafood、 Wine Bars","Midtown West","240 Central Park S","Manhattan","5:00 PM - 9:00 PM","Delivery、Takeout、Sit-down dining、Outdoor seating、Indoor dining、Heated outdoor seating、Private dining、DIY meal kits","true","true"
"Turntable Chicken Jazz","2032","4 star rating","(212) 714-9700","Medium","Chicken Wings、 Korean、 Gastropubs","Koreatown","20 W 33rd St","Manhattan","4:00 PM - 11:00 PM","Delivery、Takeout、Curbside pickup、Sit-down dining、Outdoor seating、Indoor dining、Heated outdoor seating、Covered outdoor seating、Private dining、DIY meal kits","true","true"
"The Boil","1944","4.5 star rating","(212) 925-8815","Medium","Cajun/Creole、 Seafood、 Live/Raw Food","Lower East Side","139 Chrystie St","Manhattan","4:00 PM - 10:00 PM",,"false","false"
"Bengal Tiger Indian Food","1946","4.5 star rating","(212) 265-2703","Medium","Indian","Midtown West","58 W 56th St","Manhattan","11:30 AM - 3:00 PM, 4:30 PM - 10:00 PM",,"false","false"
"Scarpetta","1949","4 star rating","(212) 691-0555","High","Italian","Flatiron","88 Madison Ave","Manhattan","5:00 PM - 10:00 PM","Delivery、Takeout、Sit-down dining、Outdoor seating、Indoor dining","true","true"
"Jack’s Wife Freda","1953","4 star rating","(212) 510-8550","Medium","Breakfast & Brunch、 Mediterranean、 American (New)","SoHo","224 Lafayette St","Manhattan","11:00 AM - 9:00 PM","Sit-down dining、Indoor dining","false","false"
"Quality Meats","1979","4 star rating","(212) 371-7777","Very High","Seafood、 Steakhouses","Midtown West","57 W 58th St","Manhattan","4:00 PM - 11:00 PM","Delivery、Takeout、Curbside pickup、Sit-down dining、Outdoor seating、Indoor dining、Heated outdoor seating、Covered outdoor seating、Private dining","true","true"
"The Smith","1982","3.5 star rating","(212) 420-9800","Medium","American (New)、 Breakfast & Brunch、 Cocktail Bars","East Village","55 3rd Ave","Manhattan","11:30 AM - 10:00 PM","Delivery、Takeout、Curbside pickup、Sit-down dining、Outdoor seating","true","true"
"Toloache 50","1991","4 star rating","(212) 581-1818","Medium","Mexican","Theater District","251 West 50th St","Manhattan","12:00 PM - 9:00 PM",,"false","false"
"Jongro BBQ","2016","4 star rating","(212) 473-2233","Medium","Korean、 Barbeque、 Beer Bar","Koreatown","22 W 32nd St","Manhattan","11:30 AM - 11:00 PM",,"false","false"
"Essex","2029","3.5 star rating","(212) 533-9616","High","Bars、 American (New)","Lower East Side","124 Rivington St","Manhattan","5:00 PM - 10:00 PM",,"false","false"
"Barn Joo 35","2031","4.5 star rating","(212) 564-4430","Medium","Korean、 Gastropubs、 Tapas/Small Plates","Midtown West","34 W 35th St","Manhattan","12:00 PM - 9:00 PM",,"false","false"
"NY Pizza Suprema","2038","4 star rating","(212) 594-8939","Low","Pizza","Chelsea","413 8th Ave","Manhattan","10:30 AM - 12:00 AM (Next day)","Delivery、Takeout","true","true"
"La Esquina - SoHo","2039","3.5 star rating","(646) 613-7100","Medium","Latin American、 Breakfast & Brunch、 Mexican","Nolita","114 Kenmare St","Manhattan","12:00 PM - 11:00 PM","Delivery、Takeout、Sit-down dining、Outdoor seating","true","true"
"Nom Wah Tea Parlor","2040","3.5 star rating","(212) 962-6047","Medium","Dim Sum","Chinatown","13 Doyers St","Manhattan","12:00 PM - 8:00 PM","Delivery、Takeout、Sit-down dining、Outdoor seating、Indoor dining","true","true"
"BCD Tofu House","2070","4 star rating","(212) 967-1900","Medium","Korean","Koreatown","5W 32nd St","Manhattan","11:00 AM - 9:00 PM",,"false","false"
"John’s of Bleecker Street","2073","4 star rating","(212) 243-1680","Medium","Pizza","West Village","278 Bleecker St","Manhattan","11:30 AM - 10:00 PM","Delivery、Takeout、Sit-down dining、Outdoor seating、Indoor dining","true","true"
"Freemans","2075","4 star rating","(212) 420-0012","Medium","Breakfast & Brunch、 Lounges、 American (Traditional)","Lower East Side","Freeman Alley","Manhattan","5:00 PM - 11:00 PM",,"false","false"
"5 Napkin Burger Hell’s Kitchen","2097","3.5 star rating","(212) 757-2277","Medium","Burgers","Midtown West","630 9th Ave","Manhattan","12:00 PM - 9:00 PM",,"false","false"
"Nyonya","2098","4 star rating","(212) 334-3669","Medium","Asian Fusion、 Malaysian、 Chinese","Little Italy","199 Grand St","Manhattan","11:00 AM - 9:00 PM","Delivery、Indoor dining、Private dining","true","false"
"Veniero’s","2100","4 star rating","(212) 674-7264","Medium","Bakeries、 Desserts、 Italian","East Village","342 E 11th St","Manhattan","8:00 AM - 10:00 PM",,"false","false"
"Cookshop","2129","4 star rating","(212) 924-4440","Medium","American (New)、 Breakfast & Brunch、 Wine Bars","Chelsea","156 10th Ave","Manhattan","12:00 PM - 10:00 PM","Delivery、Takeout、Curbside pickup、Outdoor seating、Indoor dining","true","true"
"Sushi Yasuda","2132","4 star rating","(212) 972-1001","High","Japanese","Midtown East","204 E 43rd St","Manhattan","12:00 PM - 9:00 PM","Delivery、Takeout、Outdoor seating、Indoor dining","true","true"
"Supreme Restaurant","2159","3.5 star rating","(212) 966-3988","Low","Shanghainese、 Dim Sum","Chinatown","100 Mott St","Manhattan","11:30 AM - 9:30 PM","Delivery、Takeout、Curbside pickup、Sit-down dining、Outdoor seating、Heated outdoor seating、Covered outdoor seating","true","true"
"Penelope","2176","3.5 star rating","(212) 481-3800","Medium","American (Traditional)、 Breakfast & Brunch、 American (New)","Kips Bay","159 Lexington Ave","Manhattan","9:00 AM - 9:00 PM","Sit-down dining","false","false"
"Hill Country Barbecue Market","2181","3.5 star rating","(212) 255-4544","Medium","Barbeque、 Southern、 Bars","Flatiron","30 W 26th St","Manhattan","12:00 PM - 9:00 PM","Delivery、Takeout","true","true"
"Eleven Madison Park","2189","4.5 star rating","(212) 889-0905","Very High","American (New)、 French、 Cocktail Bars","Flatiron","11 Madison Ave","Manhattan","5:30 PM - 10:00 PM","Curbside pickup、Sit-down dining、Indoor dining","false","false"
"S’MAC","2210","3.5 star rating","(212) 358-7912","Medium","American (Traditional)、 Gluten-Free、 Vegetarian","East Village","197 1st Ave","Manhattan","11:00 AM - 11:00 PM","Delivery、Takeout、Sit-down dining、Outdoor seating、Indoor dining","true","true"
"Catch NYC","2314","3.5 star rating","(212) 392-5978","High","Asian Fusion、 Sushi Bars、 Seafood","Meatpacking District","21 9th Ave","Manhattan","6:00 PM - 11:00 PM","Delivery、Takeout、Curbside pickup、Sit-down dining、Outdoor seating、Indoor dining、Heated outdoor seating、Covered outdoor seating、Private dining","true","true"
"Rubirosa","2344","4.5 star rating","(212) 965-0500","Medium","Italian、 Pizza","Nolita","235 Mulberry St","Manhattan","12:00 PM - 10:00 PM","Delivery、Takeout、Sit-down dining、Indoor dining","true","true"
"Havana Central","2346","4 star rating","(212) 398-7440","Medium","Cuban、 Latin American","Theater District","151 W 46th St","Manhattan","11:00 AM - 9:00 PM",,"false","false"
"Izakaya MEW","2348","4 star rating","(646) 368-9384","Medium","Tapas Bars、 Sushi Bars、 Izakaya","Midtown West","53 W 35th St","Manhattan","12:00 PM - 2:30 PM, 5:00 PM - 9:30 PM",,"false","false"
"Pio Pio 8","2349","4 star rating","(212) 459-2929","Medium","Latin American、 Peruvian","Hell's Kitchen","604 10th Ave","Manhattan","11:00 AM - 11:00 PM","Delivery、Takeout、Indoor dining","true","true"
"Bleecker Street Pizza","2387","4 star rating","(212) 924-4466","Low","Pizza、 Italian","West Village","69 7th Ave S","Manhattan","10:00 AM - 2:00 AM (Next day)",,"false","false"
"Up Thai","2397","4.5 star rating","(212) 256-1188","Medium","Thai、 Asian Fusion","Upper East Side","1411 2nd Ave","Manhattan","11:30 AM - 10:00 PM",,"false","false"
"Jing Fong Restaurant","2410","3.5 star rating","(212) 964-5256","Medium","Dim Sum、 Cantonese","Chinatown","20 Elizabeth St","Manhattan","10:00 AM - 10:00 PM","Delivery、Takeout、Sit-down dining、Indoor dining","true","true"
"Saigon Shack","2424","4 star rating","(212) 228-0588","Low","Sandwiches、 Coffee & Tea、 Salad","Greenwich Village","114 Macdougal St","Manhattan","11:00 AM - 9:00 PM","Delivery、Takeout、Curbside pickup、Sit-down dining、Outdoor seating、Indoor dining","true","true"
"Uva","2429","4 star rating","(212) 472-4552","Medium","Italian、 Wine Bars、 Pizza","Upper East Side","1486 2nd Ave","Manhattan","3:00 PM - 11:00 PM","Delivery、Takeout、Sit-down dining、Indoor dining","true","true"
"Olio e Piú","2430","4.5 star rating","(212) 243-6546","Medium","Pizza、 Italian、 Breakfast & Brunch","West Village","3 Greenwich Ave","Manhattan","11:00 AM - 11:00 PM",,"false","false"
"Friedmans","2478","4 star rating","(212) 971-9400","Medium","American (New)、 Breakfast & Brunch、 Juice Bars & Smoothies","Midtown West","132 W 31st St","Manhattan","9:00 AM - 4:00 PM","Delivery、Takeout、Sit-down dining、Outdoor seating、Indoor dining、Heated outdoor seating、Covered outdoor seating","true","true"
"Calle Ocho","2525","4 star rating","(212) 873-5025","Medium","Cuban、 Latin American","Manhattan Valley","2756 Broadway","Manhattan","4:00 PM - 10:00 PM","Delivery、Takeout、Outdoor seating","true","true"
"Le Bernardin","2553","4.5 star rating","(212) 554-1515","Very High","French、 Lounges","Theater District","155 W 51st St","Manhattan","12:00 PM - 2:30 PM, 5:30 PM - 10:30 PM","Sit-down dining、Outdoor seating","false","false"
"Pure Thai Cookhouse","2572","4 star rating","(212) 581-0999","Medium","Thai、 Noodles、 Chicken Wings","Theater District","766 9th Ave","Manhattan","12:00 PM - 9:00 PM",,"false","false"
"Joe’s Pizza","2602","4 star rating","(212) 366-1182","Low","Pizza","West Village","7 Carmine St","Manhattan","10:00 AM - 4:00 AM (Next day)","Indoor dining","false","false"
"Keens Steakhouse","2603","4 star rating","(212) 947-3636","Very High","Steakhouses、 Desserts、 Pubs","Midtown West","72 W 36th St","Manhattan","11:45 AM - 9:30 PM","Delivery、Takeout、Curbside pickup、Sit-down dining、Outdoor seating、Indoor dining、Heated outdoor seating、Covered outdoor seating","true","true"
"TAO Uptown","2608","3.5 star rating","(212) 888-2288","High","Asian Fusion","Midtown East","42 E 58th St","Manhattan","5:00 PM - 10:00 PM","Delivery、Takeout、Curbside pickup、Sit-down dining、Outdoor seating、Indoor dining","true","true"
"Veselka","2636","4 star rating","(212) 228-9682","Medium","Diners、 Ukrainian","East Village","144 2nd Ave","Manhattan","9:00 AM - 10:00 PM","Delivery、Takeout、Outdoor seating、Indoor dining","true","true"
"OBAO","2653","4 star rating","(212) 245-8880","Medium","Vietnamese、 Thai、 Asian Fusion","Midtown West","647 9th Ave","Manhattan","11:30 AM - 10:00 PM","Delivery、Takeout、Sit-down dining、Outdoor seating、Indoor dining、Heated outdoor seating、Covered outdoor seating","true","true"
"Woorijip","2654","4 star rating","(212) 244-1115","Low","Korean","Koreatown","12 W 32nd St","Manhattan","11:00 AM - 10:00 PM","Delivery、Takeout、Sit-down dining","true","true"
"Amy Ruth’s","2669","4 star rating","(212) 280-8779","Medium","Southern、 Soul Food","Harlem","113 W 116th St","Manhattan","11:00 AM - 9:00 PM","Delivery、Takeout、Curbside pickup、Sit-down dining、Outdoor seating、Indoor dining、Heated outdoor seating、Covered outdoor seating、Private dining、DIY meal kits","true","true"
"Amélie","2717","4.5 star rating","(212) 533-2962","Medium","French、 Wine Bars","Greenwich Village","22 W 8th St","Manhattan","5:00 PM - 10:00 PM","Delivery、Takeout、Sit-down dining、Outdoor seating","true","true"
"Gramercy Tavern","2932","4.5 star rating","(212) 477-0777","Very High","American (New)","Flatiron","42 E 20th St","Manhattan","5:00 PM - 9:00 PM",,"false","false"
"Del Frisco’s Double Eagle Steakhouse","3041","4.5 star rating","(212) 575-5129","Very High","Steakhouses、 American (New)、 Seafood","Theater District","1221 Ave Of The Americas","Manhattan","11:00 AM - 11:00 PM",,"false","false"
"Los Tacos No.1","3077","4.5 star rating","Unknown","Low","Tacos","Unknown","75 9th Ave","Manhattan","11:00 AM - 10:00 PM","Indoor dining","false","false"
"Dinosaur Bar-B-Que","3108","4 star rating","(212) 694-1777","Medium","Barbeque、 Music Venues","Harlem","700 W 125th St","Manhattan","11:30 AM - 9:00 PM","Delivery、Takeout、Sit-down dining、Outdoor seating、Indoor dining、Heated outdoor seating、Covered outdoor seating","true","true"
"Jane","3149","4 star rating","(212) 254-7000","Medium","Breakfast & Brunch、 American (New)、 Bars","Greenwich Village","100 W Houston St","Manhattan","11:30 AM - 10:00 PM",,"false","false"
"Cafe Habana","3162","4 star rating","(212) 625-2001","Medium","Cuban、 Mexican","Nolita","17 Prince St","Manhattan","11:00 AM - 11:00 PM","Delivery、Takeout、Outdoor seating","true","true"
"Red Rooster Harlem","3298","3.5 star rating","(212) 792-9001","High","American (Traditional)、 Breakfast & Brunch、 Cocktail Bars","Harlem","310 Lenox Ave","Manhattan","12:00 PM - 9:00 PM",,"false","false"
"Cafeteria","3360","3.5 star rating","(212) 414-1717","Medium","American (New)、 Cocktail Bars、 Comfort Food","Chelsea","119 7th Ave","Manhattan","10:00 AM - 11:00 PM","Delivery、Takeout、Indoor dining","true","true"
"Best Bagel & Coffee","3375","4.5 star rating","(212) 564-4409","Low","Bagels、 Coffee & Tea、 Breakfast & Brunch","Midtown West","225 W 35th St","Manhattan","6:30 AM - 2:00 PM",,"false","false"
"Thai Villa","3597","4.5 star rating","(212) 802-9999","Medium","Thai、 Asian Fusion","Flatiron","5 E 19th St","Manhattan","11:30 AM - 10:00 PM",,"false","false"
"Ess-a-Bagel","3678","4 star rating","(347) 343-5728","Low","Bakeries、 Bagels、 Delis","Midtown East","831 3rd Ave","Manhattan","6:00 AM - 5:00 PM","Delivery、Takeout、Sit-down dining、Outdoor seating、Covered outdoor seating、Private dining、Gift cards、Shipping","true","true"
"Prince Street Pizza","3790","4.5 star rating","(212) 966-4100","Low","Pizza、 Italian","Nolita","27 Prince St","Manhattan","10:00 AM - 11:00 PM","Delivery、Takeout、Curbside pickup、Sit-down dining、Outdoor seating、Indoor dining、Heated outdoor seating、Covered outdoor seating、Private dining、DIY meal kits","true","true"
"Artichoke Basille’s Pizza","3978","4 star rating","(212) 228-2004","Low","Pizza","Gramercy","321 E 14th St","Manhattan","11:00 AM - 4:00 AM (Next day)","Delivery、Takeout、Sit-down dining","true","true"
"Buddakan","4041","4 star rating","(212) 989-6699","High","Chinese、 Bars、 Asian Fusion","Meatpacking District","75 9th Ave","Manhattan","4:00 PM - 11:00 PM","Delivery、Takeout、Curbside pickup、Outdoor seating、Virtual tasting sessions","true","true"
"Serendipity 3","4224","3 star rating","(212) 838-3531","Medium","Desserts、 American (New)","Upper East Side","225 E 60th St","Manhattan","12:00 PM - 10:00 PM","Takeout","false","true"
"Momofuku Noodle Bar","4253","3.5 star rating","(212) 777-7773","Medium","Ramen、 American (New)","East Village","171 1st Ave","Manhattan","5:00 PM - 9:00 PM",,"false","false"
"Jacob’s Pickles","4342","4 star rating","(212) 470-5566","Medium","Comfort Food、 Southern、 American (Traditional)","Upper West Side","509 Amsterdam Ave","Manhattan","10:00 AM - 10:30 PM","Delivery、Takeout、Sit-down dining、Outdoor seating、Indoor dining、Heated outdoor seating、Covered outdoor seating、Private dining","true","true"
"Max Brenner - New York","4668","3.5 star rating","(646) 467-8803","Medium","Desserts、 American (Traditional)、 Breakfast & Brunch","Union Square","841 Broadway","Manhattan","12:00 PM - 10:00 PM",,"false","false"
"The Halal Guys","9571","4 star rating","(347) 527-1505","Low","Food Stands、 Middle Eastern、 Halal","Theater District","W 53rd St","Manhattan","12:00 AM - 4:00 AM, 10:00 AM - 12:00 AM (Next day)","Delivery、Takeout","true","true"
"Ippudo NY","10011","4 star rating","(212) 388-0088","Medium","Ramen","East Village","65 4th Ave","Manhattan","11:30 AM - 3:30 PM, 5:00 PM - 10:00 PM","Delivery、Takeout、Sit-down dining、Outdoor seating","true","true"
"Miss KOREA BBQ","1858","3.5 star rating","(212) 594-4963","Medium","Korean、 Barbeque","Koreatown","10 W 32nd St","Manhattan","10:00 AM - 10:00 PM",,"false","false"
"Buvette","1778","4 star rating","(212) 255-3590","Medium","French、 Wine Bars、 Cocktail Bars","West Village","42 Grove St","Manhattan","8:00 AM - 10:00 PM",,"false","false"
"Tanner Smiths","1779","4.5 star rating","(646) 590-2034","Medium","Cocktail Bars、 American (New)、 Beer Bar","Midtown West","204 W 55th St","Manhattan","3:00 PM - 11:00 PM",,"false","false"
"Golden Unicorn","1788","3.5 star rating","(212) 941-0911","Medium","Dim Sum、 Cantonese","Chinatown","18 E Broadway","Manhattan","9:30 AM - 6:30 PM","Outdoor seating、Delivery、Takeout、Covered outdoor seating、Sit-down dining、DIY meal kits、Heated outdoor seating、Indoor dining、Curbside pickup、Private dining","true","true"
"Dallas BBQ","1788","3 star rating","(212) 221-9000","Medium","Barbeque、 American (Traditional)","Midtown West","241 W 42nd St","Manhattan","11:00 AM - 12:00 AM (Next day)","Outdoor seating、Delivery、Takeout、Sit-down dining","true","true"
"Per Se","1659","4.5 star rating","(212) 823-9335","Very High","French","Hell's Kitchen","10 Columbus Cir","Manhattan","5:00 PM - 9:00 PM","Sit-down dining、Indoor dining","false","false"
"Patzeria Perfect Pizza","1611","4 star rating","(212) 575-7646","Low","Pizza、 Italian、 Breakfast & Brunch","Theater District","231 W 46th St","Manhattan","7:00 AM - 12:00 AM (Next day)","Outdoor seating、Delivery、Takeout、Sit-down dining","true","true"
"Cuba Restaurant and Rum Bar","1574","4 star rating","(212) 420-7878","Medium","Cuban","Greenwich Village","222 Thompson St","Manhattan","2:00 PM - 9:00 PM","Outdoor seating、Delivery、Takeout、Covered outdoor seating、Sit-down dining、Heated outdoor seating、Indoor dining、Private dining","true","true"
"Taim West Village","1529","4.5 star rating","(212) 691-1287","Medium","Falafel、 Salad、 Gluten-Free","West Village","222 Waverly Pl","Manhattan","11:00 AM - 10:00 PM",,"false","false"
"Wo Hop","1479","3.5 star rating","(212) 962-8617","Medium","Chinese、 Noodles、 Soup","Chinatown","17 Mott St","Manhattan","10:30 AM - 9:00 PM",,"false","false"
"Thursday Kitchen","1378","4.5 star rating","Unknown","Medium","Korean、 American (New)、 Tapas/Small Plates","Unknown","424 E 9th St","Manhattan","5:00 PM - 10:30 PM","Delivery、Takeout、Sit-down dining、Outdoor seating、Indoor dining","true","true"
"Cafe Lalo","1356","3 star rating","(212) 496-6031","Medium","Desserts、 Cafes","Upper West Side","201 W 83rd St","Manhattan","9:00 AM - 1:00 AM (Next day)","Delivery、Takeout","true","true"
"J.G. Melon","1318","3.5 star rating","(212) 744-0585","Medium","American (Traditional)、 Bars、 Salad","Upper East Side","1291 3rd Ave","Manhattan","11:30 AM - 11:30 PM","Outdoor seating、Takeout、Sit-down dining、Indoor dining","false","true"
"TONCHIN NEW YORK","1279","4.5 star rating","(646) 692-9912","Medium","Ramen、 Izakaya","Midtown West","13 W 36th St","Manhattan","11:30 AM - 2:30 PM, 5:00 PM - 9:00 PM",,"false","false"
"Harlem Tavern","1280","3.5 star rating","(212) 866-4500","Medium","Pubs、 American (New)、 Breakfast & Brunch","Harlem","2153 Frederick Douglass Blvd","Manhattan","12:00 PM - 2:00 AM (Next day)","Delivery、Takeout","true","true"
"Agave","1293","3.5 star rating","(212) 989-2100","Medium","Mexican、 Cocktail Bars","West Village","140 7th Ave S","Manhattan","4:00 PM - 11:00 PM","Delivery、Takeout、Sit-down dining","true","true"
"Dim Sum Palace","1295","4 star rating","(646) 861-1910","Medium","Dim Sum、 Cantonese","Midtown West","334 W 46th St","Manhattan","12:00 PM - 11:45 PM","Delivery、Takeout、Sit-down dining、Indoor dining","true","true"
"Barbounia","1298","3.5 star rating","(212) 995-0242","High","Greek、 Mediterranean、 Middle Eastern","Flatiron","250 Park Ave S","Manhattan","11:30 AM - 4:00 PM, 5:00 PM - 11:00 PM","Outdoor seating、Delivery、Takeout、Sit-down dining、Curbside pickup","true","true"
"The Little Owl","1298","4 star rating","(212) 741-4695","High","Breakfast & Brunch、 Mediterranean","West Village","90 Bedford St","Manhattan","11:00 AM - 11:00 PM",,"false","false"
"Kang Ho Dong Baekjeong","1300","4 star rating","(212) 966-9839","High","Korean、 Barbeque","Koreatown","1 E 32nd St","Manhattan","12:30 PM - 11:00 PM","Delivery、Takeout","true","true"
"Vezzo","1306","4 star rating","(212) 839-8300","Medium","Pizza、 Pasta Shops","Midtown East","178 Lexington Ave","Manhattan","12:00 PM - 9:00 PM","Delivery、Takeout","true","true"
"Peacefood Cafe","1307","4 star rating","(212) 362-2266","Medium","Vegan、 Cafes","Upper West Side","460 Amsterdam Ave","Manhattan","11:30 AM - 9:00 PM","Outdoor seating、Delivery、Takeout、Sit-down dining、Indoor dining","true","true"
"Yakitori Totto","1320","4 star rating","(212) 245-4555","High","Japanese","Midtown West","251 W 55th St","Manhattan","12:00 PM - 3:30 PM, 5:00 PM - 10:00 PM",,"false","false"
"Supper","1320","4 star rating","(212) 477-7600","Medium","Italian","East Village","156 E 2nd St","Manhattan","4:00 PM - 12:00 AM (Next day)","Outdoor seating、Delivery、Takeout、Sit-down dining、Indoor dining","true","true"
"Dos Toros Taqueria","1324","4 star rating","(212) 677-7300","Low","Mexican","Union Square","137 4th Ave","Manhattan","11:00 AM - 8:00 PM",,"false","false"
"Ivan Ramen","1325","3.5 star rating","(646) 678-3859","Medium","Ramen","Lower East Side","25 Clinton St","Manhattan","12:00 PM - 8:30 PM","Delivery、Takeout","true","true"
"The Lobster Place","1332","4 star rating","(212) 255-5672","Medium","Seafood Markets、 Seafood","Meatpacking District","75 9th Ave","Manhattan","11:00 AM - 8:00 PM","Outdoor seating、Delivery、Takeout、Indoor dining","true","true"
"Hide-Chan Ramen","1333","3.5 star rating","(212) 813-1800","Medium","Ramen","Midtown East","248 E 52nd St","Manhattan","11:45 AM - 10:00 PM","Outdoor seating、Delivery、Takeout","true","true"
"Katsu-Hama","1340","4 star rating","(212) 758-5909","Medium","Japanese","Midtown East","11 E 47th St","Manhattan","11:30 AM - 9:00 PM","Outdoor seating、Delivery、Takeout、Sit-down dining","true","true"
"Great NY Noodle Town","1344","3.5 star rating","(212) 349-0923","Low","Cantonese、 Noodles","Chinatown","28 Bowery","Manhattan","9:00 AM - 4:00 AM (Next day)","Delivery、Takeout、Indoor dining","true","true"
"Parker & Quinn","1353","4 star rating","(212) 729-0277","Medium","American (New)、 Bars、 Breakfast & Brunch","Midtown West","64 W 39th St","Manhattan","11:30 AM - 8:00 PM",,"false","false"
"Coppelia","1358","4 star rating","(212) 858-5001","Medium","Cuban、 Latin American、 Bars","West Village","207 W 14th St","Manhattan","8:00 AM - 9:30 PM","Outdoor seating、Delivery、Takeout、Indoor dining","true","true"
"Hatsuhana Sushi Restaurant","1360","4 star rating","(212) 355-3345","High","Japanese、 Sushi Bars","Midtown East","17 E 48th St","Manhattan","11:30 AM - 8:30 PM",,"false","false"
"Cask","1362","4 star rating","(212) 300-4924","Medium","Bars、 American (New)、 Breakfast & Brunch","Murray Hill","167 E 33rd St","Manhattan","4:00 PM - 11:00 PM","Outdoor seating、Delivery、Takeout、Sit-down dining、Curbside pickup","true","true"
"New Wonjo Restaurant","1367","3.5 star rating","(212) 695-5815","Medium","Korean、 Barbeque、 Noodles","Koreatown","23 W 32nd St","Manhattan","9:00 AM - 4:00 AM (Next day)","Delivery、Takeout、Curbside pickup","true","true"
"Gray’s Papaya","1367","3.5 star rating","(212) 799-0243","Low","Hot Dogs、 Juice Bars & Smoothies","Upper West Side","2090 Broadway","Manhattan","8:00 AM - 10:00 PM","Delivery、Takeout","true","true"
"THEP Thai Restaurant","1370","4.5 star rating","(212) 899-9995","Medium","Thai、 Noodles、 Asian Fusion","Upper East Side","1439 2nd Ave","Manhattan","11:30 AM - 3:45 PM, 5:00 PM - 10:15 PM",,"false","false"
"Churrascaria Plataforma","1373","4 star rating","(212) 245-0505","Very High","Brazilian、 Steakhouses","Theater District","316 W 49th St","Manhattan","1:00 PM - 9:00 PM","Outdoor seating、Delivery、Takeout、Covered outdoor seating、Sit-down dining、Heated outdoor seating、Indoor dining","true","true"
"Maialino","1384","4 star rating","(212) 777-2410","High","Italian、 Breakfast & Brunch、 Bars","Gramercy","2 Lexington Ave","Manhattan","7:30 AM - 10:00 PM",,"false","false"
"Raclette","1385","4 star rating","(917) 997-7306","Medium","Sandwiches、 French、 Burgers","East Village","511 E 12th St","Manhattan","5:00 PM - 11:00 PM",,"false","false"
"Num Pang Kitchen","1395","4 star rating","(646) 791-0439","Medium","Cambodian、 Sandwiches","Union Square","28 E 12th St","Manhattan","11:00 AM - 8:00 PM",,"false","false"
"Ootoya Chelsea","1410","4 star rating","(212) 255-0018","Medium","Sushi Bars、 Hot Pot、 Japanese Curry","Flatiron","8 W 18th St","Manhattan","11:30 AM - 3:00 PM, 5:00 PM - 9:00 PM",,"false","false"
"Carmine’s Italian Restaurant - Upper West Side","1415","4 star rating","(212) 362-2200","Medium","Italian、 Desserts、 Seafood","Upper West Side","2450 Broadway","Manhattan","11:30 AM - 10:00 PM","Outdoor seating、Delivery、Takeout、Covered outdoor seating、Sit-down dining、Heated outdoor seating、Indoor dining、Curbside pickup、Private dining","true","true"
"One If By Land Two If By Sea","1417","3.5 star rating","(212) 255-8649","Very High","American (New)","West Village","17 Barrow St","Manhattan","5:00 PM - 10:00 PM",,"false","false"
"Kesté Pizza & Vino","1418","4 star rating","(212) 243-1500","Medium","Pizza、 Italian、 Wine Bars","Financial District","66 Gold S","Manhattan","11:30 AM - 9:00 PM","Delivery、Takeout、Covered outdoor seating、Heated outdoor seating、Indoor dining、Curbside pickup","true","true"
"Sushi Nakazawa","1421","4.5 star rating","(212) 924-2212","Very High","Japanese、 Sushi Bars","West Village","23 Commerce St","Manhattan","11:30 AM - 1:30 PM, 5:00 PM - 10:15 PM","Sit-down dining、Indoor dining","false","false"
"Del Posto","1431","4 star rating","(212) 497-8090","Very High","Italian","Meatpacking District","85 10th Ave","Manhattan","12:00 PM - 2:00 PM, 5:30 PM - 11:00 PM","Delivery、Takeout、Curbside pickup","true","true"
"Good Enough to Eat","1439","3.5 star rating","(212) 496-0163","Medium","Breakfast & Brunch、 American (Traditional)、 Comfort Food","Upper West Side","520 Columbus Ave","Manhattan","8:00 AM - 4:00 PM, 5:30 PM - 10:30 PM","Outdoor seating、Delivery、Takeout、Sit-down dining、Indoor dining","true","true"
"Don Antonio","1442","4 star rating","(646) 719-1043","Medium","Pizza、 Italian、 Cocktail Bars","Theater District","309 W 50th St","Manhattan","10:30 AM - 9:45 PM",,"false","false"
"STK Steakhouse Downtown NYC","1442","3.5 star rating","(646) 624-2444","High","Steakhouses、 American (New)、 Cocktail Bars","Meatpacking District","26 Little West 12th St","Manhattan","3:00 PM - 11:00 PM","Outdoor seating、Delivery、Takeout、Sit-down dining、Indoor dining","true","true"
"Basta Pasta","1446","4 star rating","(212) 366-0888","Medium","Italian、 Japanese","Flatiron","37 W 17th St","Manhattan","5:00 PM - 9:30 PM","Outdoor seating、Delivery、Takeout、Sit-down dining、Indoor dining","true","true"
"Employees Only","1446","4 star rating","(212) 242-3021","High","American (New)、 Cocktail Bars、 Desserts","West Village","510 Hudson St","Manhattan","4:00 PM - 12:00 AM (Next day)","Outdoor seating、Sit-down dining","false","false"
"Big Wong","1455","3.5 star rating","(212) 964-0540","Low","Chinese、 Seafood","Chinatown","67 Mott St","Manhattan","9:00 AM - 6:00 PM",,"false","false"
"Bubby’s Tribeca","1454","3.5 star rating","(212) 219-0666","Medium","American (Traditional)、 Breakfast & Brunch、 Sandwiches","TriBeCa","120 Hudson St","Manhattan","8:00 AM - 10:00 PM","Delivery、Takeout、Sit-down dining、Curbside pickup","true","true"
"The MasalaWala","1506","4.5 star rating","(212) 358-9300","Medium","Indian、 Vegetarian、 Halal","Lower East Side","179 Essex St","Manhattan","5:00 PM - 10:00 PM",,"false","false"
"Dhaba Indian Cuisine","1491","3.5 star rating","(212) 679-1284","Medium","Indian、 Buffets","Flatiron","108 Lexington Ave","Manhattan","12:00 PM - 12:00 AM (Next day)","Outdoor seating、Delivery、Takeout、Sit-down dining","true","true"
"Junoon","1481","3.5 star rating","(212) 490-2100","High","Indian、 Desserts、 Wine Bars","Flatiron","27 W 24th St","Manhattan","1:00 PM - 10:00 PM",,"false","false"
"Brooklyn Bagel & Coffee Company","1476","4 star rating","(212) 924-2824","Low","Bagels、 Breakfast & Brunch、 Cafes","Chelsea","286 8th Ave","Manhattan","6:30 AM - 4:30 PM","Delivery、Takeout","true","true"
"Rosa Mexicano","1469","3.5 star rating","(212) 533-3350","Medium","Mexican","Flatiron","9 E 18th St","Manhattan","11:30 AM - 9:30 PM","Delivery、Takeout、Sit-down dining、Indoor dining、Curbside pickup、Private dining","true","true"
"La Lanterna Di Vittorio","1474","4 star rating","(917) 639-3236","Medium","Italian、 Cafes、 Pizza","Greenwich Village","129 MacDougal St","Manhattan","10:00 AM - 10:00 PM",,"false","false"
"Go Go Curry Times Square","1462","4 star rating","(212) 730-5555","Medium","Japanese Curry、 Comfort Food","Midtown West","273 W 38th Street","Manhattan","11:00 AM - 8:00 PM",,"false","false"
"Five Senses","1462","4 star rating","(212) 441-0005","Medium","Korean、 Barbeque","Koreatown","9 W 32nd St","Manhattan","11:00 AM - 9:00 PM","Delivery、Takeout、Indoor dining","true","true"
"Anytime","1465","4.5 star rating","(646) 669-7733","Medium","Korean、 American (New)、 Tapas/Small Plates","Koreatown","23 W 32nd St","Manhattan","4:00 PM - 12:00 AM (Next day)",,"false","false"
"Banh Mi Saigon","1514","4 star rating","(212) 941-1541","Low","Vietnamese、 Sandwiches","Little Italy","198 Grand St","Manhattan","10:00 AM - 5:00 PM",,"false","false"
"Corner Bistro","1522","3.5 star rating","(212) 242-9502","Medium","American (Traditional)、 Burgers、 Dive Bars","West Village","331 W 4th St","Manhattan","8:00 AM - 11:00 PM","Outdoor seating、Delivery、Takeout、Covered outdoor seating、Sit-down dining、DIY meal kits、Heated outdoor seating、Indoor dining、Curbside pickup、Private dining","true","true"
"Top Thai Greenwich","1523","4.5 star rating","(646) 726-4418","Medium","Thai、 Cocktail Bars、 Halal","Greenwich Village","235 Sullivan St","Manhattan","11:00 AM - 9:45 PM",,"false","false"
"The Kati Roll Company","1531","3.5 star rating","(212) 730-4280","Low","Indian、 Halal","Midtown West","49 W 39th St","Manhattan","11:00 AM - 9:00 PM","Delivery、Takeout","true","true"
"Wah Fung No 1","1531","4.5 star rating","(212) 925-5175","Low","Chinese、 Fast Food","Lower East Side","79 Chrystie St","Manhattan","9:00 AM - 7:00 PM","Social distancing enforced、Staff wears masks、Masks required、Staff wears gloves","false","false"
"Boka","1542","3.5 star rating","(646) 678-5796","Medium","Korean","East Village","9 St Marks Pl","Manhattan","11:00 AM - 2:45 AM (Next day)",,"false","false"
"Pocha 32","1535","3.5 star rating","(212) 279-1876","Medium","Korean、 Barbeque、 Noodles","Koreatown","15 W 32nd St","Manhattan","4:00 PM - 11:00 PM",,"false","false"
"Lupa","1558","4 star rating","(212) 982-5089","High","Italian","Greenwich Village","170 Thompson St","Manhattan","4:00 PM - 10:00 PM","Delivery、Takeout、Sit-down dining、Indoor dining","true","true"
"Kenka","1544","3.5 star rating","(212) 254-6363","Medium","Sushi Bars、 Japanese","East Village","25 St Marks Pl","Manhattan","6:00 PM - 1:00 AM (Next day)","Delivery、Takeout","true","true"
"BoCaphe","1550","4 star rating","(646) 882-1939","Medium","Vietnamese、 Breakfast & Brunch、 French","SoHo","222 Lafayette St","Manhattan","9:30 AM - 11:00 PM",,"false","false"
"Spice","1550","3.5 star rating","(212) 982-3758","Medium","Thai、 Cocktail Bars","Union Square","39 E 13th St","Manhattan","11:30 AM - 4:15 PM, 5:30 PM - 10:30 PM","Delivery、Takeout","true","true"
"Dutch Freds","1590","4.5 star rating","(646) 918-6923","Medium","Cocktail Bars、 American (New)、 Breakfast & Brunch","Theater District","307 W 47th St","Manhattan","4:00 PM - 11:00 PM","Outdoor seating、Delivery、Takeout、Sit-down dining","true","true"
"Yakitori Taisho","1585","3.5 star rating","(212) 228-5086","Medium","Japanese","East Village","5 St Marks Pl","Manhattan","6:00 PM - 2:00 AM (Next day)","Outdoor seating、Sit-down dining、Indoor dining","false","false"
"The Mercer Kitchen","1581","3.5 star rating","(212) 966-5454","Medium","American (New)、 French、 Cocktail Bars","SoHo","99 Prince St","Manhattan","7:00 AM - 12:00 AM (Next day)","Delivery、Takeout、Curbside pickup","true","true"
"Boucherie West Village","1576","4.5 star rating","(212) 837-1616","High","French、 Cocktail Bars、 Steakhouses","West Village","99 7th Ave S","Manhattan","11:00 AM - 11:00 PM",,"false","false"
"Congee Village","1606","3.5 star rating","(212) 941-1818","Medium","Cantonese、 Seafood","Lower East Side","100 Allen St","Manhattan","11:00 AM - 8:00 PM",,"false","false"
"La Sirène-Soho","1611","4.5 star rating","(212) 925-3061","High","French","South Village","558 Broome St","Manhattan","4:00 PM - 10:00 PM","Outdoor seating、Delivery、Takeout、Sit-down dining","true","true"
"Barn Joo","1643","4 star rating","(646) 398-9663","Medium","Korean、 Cocktail Bars、 Tapas/Small Plates","Union Square","35 Union Sq W","Manhattan","12:00 PM - 9:00 PM",,"false","false"
"Daniel","1632","4.5 star rating","(212) 288-0033","Very High","French、 Bars、 American (New)","Upper East Side","60 E 65th St","Manhattan","5:00 PM - 10:00 PM",,"false","false"
"Tasty Hand-Pulled Noodles","1629","4 star rating","(212) 791-1817","Low","Chinese、 Noodles","Chinatown","1 Doyers St","Manhattan","10:30 AM - 10:30 PM","Delivery、Takeout、Sit-down dining、Indoor dining","true","true"
"Pig and Khao","1657","4 star rating","(212) 920-4485","Medium","Filipino、 Thai、 Asian Fusion","Lower East Side","68 Clinton St","Manhattan","5:00 PM - 11:00 PM","Outdoor seating、Delivery、Takeout、Sit-down dining","true","true"
"Momosan Ramen & Sake - New York","1658","4 star rating","(646) 201-5529","Medium","Ramen、 Tapas/Small Plates","Murray Hill","342 Lexington Ave","Manhattan","11:30 AM - 3:00 PM, 5:00 PM - 9:00 PM","Delivery、Takeout、Sit-down dining、Indoor dining","true","true"
"Sugar Factory","1631","3.5 star rating","Unknown","High","Desserts、 Candy Stores、 American (Traditional)","Unknown","835 Washington St","Manhattan","11:00 AM - 12:00 AM (Next day)","Outdoor seating、Delivery、Takeout","true","true"
"Locanda Verde","1650","4 star rating","(212) 925-3797","High","Italian、 Cocktail Bars、 Breakfast & Brunch","TriBeCa","377 Greenwich St","Manhattan","5:30 PM - 10:00 PM","Outdoor seating、Delivery、Takeout、Sit-down dining、Indoor dining","true","true"
"Minca","1674","4 star rating","(212) 505-8001","Medium","Ramen","East Village","536 E 5th St","Manhattan","12:00 PM - 8:30 PM","Outdoor seating、Sit-down dining、Indoor dining","false","false"
"Poco - NYC","1678","3.5 star rating","(212) 228-4461","Medium","Tapas Bars、 Spanish","Alphabet City","33 Avenue B","Manhattan","5:00 PM - 10:00 PM",,"false","false"
"Adrienne’s Pizzabar","1673","4 star rating","(212) 248-3838","Medium","Pizza、 Italian、 Beer Bar","Financial District","54 Stone St","Manhattan","11:30 AM - 11:00 PM","Delivery、Takeout","true","true"
"Lure Fishbar","1674","4 star rating","(212) 431-7676","High","Seafood、 Sushi Bars、 Bars","SoHo","142 Mercer St","Manhattan","11:30 AM - 9:30 PM","Outdoor seating、Delivery、Takeout、Sit-down dining、Indoor dining","true","true"
"Café China","1670","4 star rating","(212) 213-2810","Medium","Szechuan","Midtown East","13 E 37th St","Manhattan","11:00 AM - 10:00 PM",,"false","false"
"Sweet Chick","1679","4 star rating","(646) 657-0233","Medium","Southern、 Breakfast & Brunch、 American (Traditional)","Lower East Side","178 Ludlow St","Manhattan","12:00 PM - 10:00 PM",,"false","false"
"Sarabeths - Central Park","1826","3.5 star rating","(212) 826-5959","Medium","Breakfast & Brunch、 American (Traditional)、 Cocktail Bars","Midtown West","40 Central Park S","Manhattan","9:00 AM - 9:00 PM","Outdoor seating、Delivery、Takeout、Covered outdoor seating、Sit-down dining、Heated outdoor seating、Indoor dining、Curbside pickup、Private dining","true","true"
"Zen Ramen & Sushi","1818","4.5 star rating","(646) 870-7509","Medium","Sushi Bars、 Ramen、 Salad","Midtown West","150 W 36th street","Manhattan","11:30 AM - 10:00 PM",,"false","false"
"Yuca Bar","1826","4 star rating","(212) 982-9533","Medium","Latin American、 Tapas Bars、 Cocktail Bars","East Village","111 Avenue A","Manhattan","12:00 PM - 11:00 PM","Delivery、Takeout、Indoor dining","true","true"
"Gyu-Kaku Japanese BBQ","1680","4 star rating","(212) 475-2989","High","Japanese、 Barbeque、 Asian Fusion","NoHo","34 Cooper Sq","Manhattan","11:00 AM - 9:00 PM",,"false","false"
"Mighty Quinn’s Barbeque","1773","4 star rating","(212) 677-3733","Medium","Barbeque","East Village","103 2nd Ave","Manhattan","12:00 PM - 9:00 PM","Delivery、Takeout、Sit-down dining","true","true"
"Sushi Yasaka","1788","4 star rating","(212) 496-8460","Medium","Japanese、 Sushi Bars","Upper West Side","251 W 72nd St","Manhattan","12:00 PM - 3:00 PM, 5:00 PM - 9:30 PM",,"false","false"
"Ayza Wine & Chocolate Bar","1767","4 star rating","(212) 714-2992","Medium","Wine Bars、 Desserts、 Mediterranean","Koreatown","11 W 31st St","Manhattan","4:00 PM - 10:00 PM",,"false","false"
"Pokeworks","1736","4 star rating","(212) 575-8881","Medium","Sushi Bars、 Poke、 Salad","Midtown West","63 W 37th St","Manhattan","11:00 AM - 9:00 PM","Drive-thru、Outdoor seating、Delivery、Takeout、Indoor dining、Curbside pickup","true","true"
"Claw Daddy’s","1730","4 star rating","(646) 590-6816","Medium","Cajun/Creole、 Seafood","Lower East Side","185 Orchard St","Manhattan","2:00 PM - 10:00 PM",,"false","false"
"Red Bamboo","1717","4 star rating","(212) 260-1212","Medium","Vegetarian、 Soul Food、 Vegan","Greenwich Village","140 W 4th St","Manhattan","12:00 PM - 9:00 PM","Outdoor seating、Delivery、Takeout、Sit-down dining、Curbside pickup","true","true"
"Shanghai 21","1701","4 star rating","(212) 766-6311","Medium","Shanghainese","Chinatown","21 Mott St","Manhattan","11:00 AM - 10:00 PM","Delivery、Takeout、Indoor dining","true","true"
