"shopname","num_comments","point_comments","phone_num","cost","food_type","district_name","location","area","time","service","delivery","takeout","image"
"Katz’s Delicatessen","12637","4 star rating","(212) 254-2246","Medium","Delis、 Sandwiches、 Soup","Lower East Side","205 E Houston St","Manhattan","8:00 AM - 10:30 PM","Delivery、Takeout、Sit-down dining、Outdoor seating、In-person visits、Shipping、Mobile services","true","true","https://s3-media0.fl.yelpcdn.com/bphoto/qr7eSU6CFwRGZ7Rc-QEoTQ/ls.jpg"
"LoveMama","5264","4.5 star rating","(212) 254-5370","Medium","Thai、 Malaysian、 Vietnamese","East Village","174 2nd Ave","Manhattan","11:00 AM - 10:30 PM",,"false","false","https://s3-media0.fl.yelpcdn.com/bphoto/bLlFKTlVuLfmF-lIDGIjZA/ls.jpg"
"Burger & Lobster - Flatiron NYC","5477","4 star rating","(646) 833-7532","Medium","Seafood、 Burgers、 American (New)","Flatiron","39 W 19th St","Manhattan","12:45 PM - 11:00 PM",,"false","false","https://s3-media0.fl.yelpcdn.com/bphoto/r0TGigSI5cXeM_fWBct4SA/ls.jpg"
"Shake Shack","5606","4 star rating","(212) 889-6600","Medium","Burgers、 Food Stands、 Ice Cream & Frozen Yogurt","Flatiron","E 23rd St Madison Avenue","Manhattan","11:00 AM - 11:00 PM",,"false","false","https://s3-media0.fl.yelpcdn.com/bphoto/5Tnq5PlJ1wkEU5op-yolcg/ls.jpg"
"Eataly Flatiron","5660","4 star rating","(212) 229-2560","Medium","Italian、 Grocery、 Cafes","Flatiron","200 5th Ave","Manhattan","9:00 AM - 10:00 PM",,"false","false","https://s3-media0.fl.yelpcdn.com/bphoto/CnTjWyLu9nEkH6BJ9LNgTA/ls.jpg"
"Lombardi’s Pizza","6144","4 star rating","(212) 941-7994","Medium","Pizza","Nolita","32 Spring St","Manhattan","12:00 PM - 9:00 PM","Delivery、Takeout、Curbside pickup、Indoor dining","true","true","https://s3-media0.fl.yelpcdn.com/bphoto/UZ6V_hobp1KpYDPOHNoCKw/ls.jpg"
"Joe’s Shanghai","6289","4 star rating","(212) 233-8888","Medium","Shanghainese、 Seafood、 Noodles","Chinatown","46 Bowery St","Manhattan","11:00 AM - 11:00 PM","Delivery、Takeout、Sit-down dining、Indoor dining","true","true","https://s3-media0.fl.yelpcdn.com/bphoto/KRvabBPGaQikcpSD6vO2bg/ls.jpg"
"Levain Bakery","8352","4.5 star rating","(917) 464-3769","Medium","Bakeries","Upper West Side","167 W 74th St","Manhattan","7:30 AM - 9:00 PM","Delivery、Takeout","true","true","https://s3-media0.fl.yelpcdn.com/bphoto/jCdrXah--NjPaOLb-30BUw/ls.jpg"
"The Halal Guys","9581","4 star rating","(347) 527-1505","Low","Food Stands、 Middle Eastern、 Halal","Theater District","W 53rd St","Manhattan","12:00 AM - 5:30 AM, 10:00 AM - 12:00 AM (Next day)","Delivery、Takeout","true","true","https://s3-media0.fl.yelpcdn.com/bphoto/24lb-VP2zVySsY9cq45ETw/ls.jpg"
"Ippudo NY","10024","4 star rating","(212) 388-0088","Medium","Ramen","East Village","65 4th Ave","Manhattan","11:30 AM - 10:00 PM","Delivery、Takeout、Sit-down dining、Outdoor seating","true","true","https://s3-media0.fl.yelpcdn.com/bphoto/zF3EgqHCk7zBUwD2B3WTEA/ls.jpg"
"Clinton Street Baking Company","5167","4 star rating","(646) 602-6263","Medium","Bakeries、 Breakfast & Brunch、 American (Traditional)","Lower East Side","4 Clinton St","Manhattan","9:00 AM - 4:00 PM",,"false","false","https://s3-media0.fl.yelpcdn.com/bphoto/DWHdizJ9bKbXN4yq6nbwAA/ls.jpg"
"Artichoke Basille’s Pizza","3977","4 star rating","(212) 228-2004","Low","Pizza","Gramercy","321 E 14th St","Manhattan","11:00 AM - 4:00 AM (Next day)","Delivery、Takeout、Sit-down dining","true","true","https://s3-media0.fl.yelpcdn.com/bphoto/4krjwPml7pLVDnn56sf6AQ/ls.jpg"
"Buddakan","4057","4 star rating","(212) 989-6699","High","Chinese、 Bars、 Asian Fusion","Meatpacking District","75 9th Ave","Manhattan","12:00 PM - 10:30 PM","Delivery、Takeout、Curbside pickup、Outdoor seating、Virtual tasting sessions","true","true","https://s3-media0.fl.yelpcdn.com/bphoto/Y0PGrSO6gicAmxH4BhU3EA/ls.jpg"
"Milk Bar East Village","3357","3.5 star rating","(646) 692-4154","Medium","Bakeries、 Desserts、 Patisserie/Cake Shop","East Village","251 E 13th St","Manhattan","2:00 PM - 10:00 PM","Delivery、Takeout、Curbside pickup、Sit-down dining、Indoor dining、Heated outdoor seating、Covered outdoor seating","true","true","https://s3-media0.fl.yelpcdn.com/bphoto/2xYDsaWyFxdCNyY1z5pVRQ/ls.jpg"
"Spot Dessert Bar","3039","4 star rating","(212) 677-5670","Medium","Desserts、 Coffee & Tea、 Ice Cream & Frozen Yogurt","East Village","13 St Marks Pl","Manhattan","1:00 PM - 11:00 PM","Delivery、Takeout、Sit-down dining、Indoor dining","true","true","https://s3-media0.fl.yelpcdn.com/bphoto/5dnRWVMLgjNYXDeeG5kPjw/ls.jpg"
"Serendipity 3","4229","3 star rating","(212) 838-3531","Medium","Desserts、 American (New)","Upper East Side","225 E 60th St","Manhattan","12:00 PM - 10:00 PM","Takeout","false","true","https://s3-media0.fl.yelpcdn.com/bphoto/1XMwaZY1rpPZ8RBEhj5T2Q/ls.jpg"
"The Smith","2710","4 star rating","(212) 644-2700","Medium","American (New)、 Breakfast & Brunch、 Cocktail Bars","Midtown East","956 2nd Ave","Manhattan","9:30 AM - 10:00 PM","Delivery、Takeout、Sit-down dining、Outdoor seating、Indoor dining","true","true","https://s3-media0.fl.yelpcdn.com/bphoto/gih2UqttrnFYeoHpMEWYow/ls.jpg"
"Chinatown Ice Cream Factory","2819","4 star rating","(212) 608-4170","Low","Ice Cream & Frozen Yogurt、 Desserts","Chinatown","65 Bayard St","Manhattan","11:00 AM - 10:00 PM","Staff wears masks、Masks required","false","false","https://s3-media0.fl.yelpcdn.com/bphoto/L552Xirl4r0mhFoHw2UOew/ls.jpg"
"Becco","2850","3.5 star rating","(212) 397-7597","High","Italian","Midtown West","355 W 46th St","Manhattan","4:00 PM - 9:00 PM","Delivery、Takeout、Curbside pickup、Sit-down dining、Outdoor seating、Indoor dining、Private dining","true","true","https://s3-media0.fl.yelpcdn.com/bphoto/-2p7x5nakbTB0nz96x4bLg/ls.jpg"
"Amélie","2722","4.5 star rating","(212) 533-2962","Medium","French、 Wine Bars","Greenwich Village","22 W 8th St","Manhattan","12:00 PM - 10:30 PM","Delivery、Takeout、Sit-down dining、Outdoor seating","true","true","https://s3-media0.fl.yelpcdn.com/bphoto/cSDgVuPMnJgMLTrTNSEXug/ls.jpg"
"Club A Steakhouse","2859","4.5 star rating","(212) 688-4190","High","Steakhouses","Midtown East","240 E 58th St","Manhattan","5:00 PM - 10:00 PM","Delivery、Takeout、Sit-down dining、Outdoor seating、Indoor dining","true","true","https://s3-media0.fl.yelpcdn.com/bphoto/btpo6TMWXH8sZpFapU2cpA/ls.jpg"
"Taiyaki NYC","2925","4.5 star rating","(212) 966-2882","Low","Desserts、 Ice Cream & Frozen Yogurt","Little Italy","119 Baxter St","Manhattan","11:00 AM - 9:00 PM",,"false","false","https://s3-media0.fl.yelpcdn.com/bphoto/pJkAaXKzoFPj0H1EJ1vYEA/ls.jpg"
"The Metropolitan Museum of Art","2938","4.5 star rating","(212) 535-7710","Unknown",,"Central Park","1000 5th Ave","Manhattan","10:00 AM - 5:00 PM",,"false","false","https://s3-media0.fl.yelpcdn.com/bphoto/oqhwmydKw-jPcUhoxBGGyg/ls.jpg"
"Gramercy Tavern","2940","4.5 star rating","(212) 477-0777","Very High","American (New)","Flatiron","42 E 20th St","Manhattan","11:00 AM - 3:00 PM, 4:30 PM - 10:00 PM",,"false","false","https://s3-media0.fl.yelpcdn.com/bphoto/MgfPMoFNmjIWcrMxTZbsvw/ls.jpg"
"ABC Kitchen","2992","4 star rating","(212) 475-5829","High","Breakfast & Brunch、 Cocktail Bars、 Salad","Flatiron","35 E 18th St","Manhattan","11:00 AM - 3:00 PM, 5:30 PM - 11:00 PM","Delivery、Takeout、Curbside pickup、Sit-down dining、Outdoor seating、Indoor dining","true","true","https://s3-media0.fl.yelpcdn.com/bphoto/k2V0QyHL_IFbfDnR33S0cg/ls.jpg"
"Del Frisco’s Double Eagle Steakhouse","3048","4.5 star rating","(212) 575-5129","Very High","Steakhouses、 American (New)、 Seafood","Theater District","1221 Ave Of The Americas","Manhattan","4:00 PM - 11:00 PM",,"false","false","https://s3-media0.fl.yelpcdn.com/bphoto/FyQ0V-QtndWStk5B8qwjXw/ls.jpg"
"Rice To Riches","3057","4 star rating","(212) 274-0008","Medium","Desserts","Nolita","37 Spring St","Manhattan","12:00 PM - 11:00 PM","Delivery、Takeout、Sit-down dining、Indoor dining、Covered outdoor seating","true","true","https://s3-media0.fl.yelpcdn.com/bphoto/YcJMOVwMfrqTqX1Eo5XFoQ/ls.jpg"
"Los Tacos No.1","3085","4.5 star rating","Unknown","Low","Tacos","Unknown","75 9th Ave","Manhattan","11:00 AM - 10:00 PM","Indoor dining","false","false","https://s3-media0.fl.yelpcdn.com/bphoto/FU44TYl3PzXsE06G4W5aog/ls.jpg"
"Balthazar","3096","4 star rating","(212) 965-1414","High","French、 Breakfast & Brunch","SoHo","80 Spring St","Manhattan","8:00 AM - 12:00 AM (Next day)","Delivery、Takeout、Sit-down dining、Outdoor seating、Indoor dining","true","true","https://s3-media0.fl.yelpcdn.com/bphoto/059pBnbIE72oJcKRoaj6bg/ls.jpg"
"Dinosaur Bar-B-Que","3111","4 star rating","(212) 694-1777","Medium","Barbeque、 Music Venues","Harlem","700 W 125th St","Manhattan","11:30 AM - 10:00 PM","Delivery、Takeout、Sit-down dining、Outdoor seating、Indoor dining、Heated outdoor seating、Covered outdoor seating","true","true","https://s3-media0.fl.yelpcdn.com/bphoto/YWMehMtfQu57zztvCNr3jQ/ls.jpg"
"Cafe Habana","3164","4 star rating","(212) 625-2001","Medium","Cuban、 Mexican","Nolita","17 Prince St","Manhattan","11:00 AM - 11:00 PM","Delivery、Takeout、Outdoor seating","true","true","https://s3-media0.fl.yelpcdn.com/bphoto/MUy4xs3PVio0lgzBNLmsBw/ls.jpg"
"Doughnut Plant","3247","4.5 star rating","(212) 505-3700","Medium","Donuts、 Coffee & Tea","Lower East Side","379 Grand St","Manhattan","8:00 AM - 4:00 PM",,"false","false","https://s3-media0.fl.yelpcdn.com/bphoto/hLWKXsLv6hyltNSilBy8-g/ls.jpg"
"Red Rooster Harlem","3311","3.5 star rating","(212) 792-9001","High","American (Traditional)、 Breakfast & Brunch、 Cocktail Bars","Harlem","310 Lenox Ave","Manhattan","11:00 AM - 9:45 PM",,"false","false","https://s3-media0.fl.yelpcdn.com/bphoto/S_4wwMMYx74kk-Wh9gQVcg/ls.jpg"
"Cafeteria","3365","3.5 star rating","(212) 414-1717","Medium","American (New)、 Cocktail Bars、 Comfort Food","Chelsea","119 7th Ave","Manhattan","10:00 AM - 11:00 PM","Delivery、Takeout、Indoor dining","true","true","https://s3-media0.fl.yelpcdn.com/bphoto/b75csM4Dx4KSccjwETPC4w/ls.jpg"
"Best Bagel & Coffee","3391","4.5 star rating","(212) 564-4409","Low","Bagels、 Coffee & Tea、 Breakfast & Brunch","Midtown West","225 W 35th St","Manhattan","8:00 AM - 2:00 PM",,"false","false","https://s3-media0.fl.yelpcdn.com/bphoto/9-8DVzhwfzFS5GUCq3O6NA/ls.jpg"
"Beauty & Essex","3498","4 star rating","(212) 614-0146","High","American (New)","Lower East Side","146 Essex St","Manhattan","5:00 PM - 11:00 PM","Delivery、Takeout、Sit-down dining、Indoor dining","true","true","https://s3-media0.fl.yelpcdn.com/bphoto/hjnX0l0hgBZFZWEpTKLqKg/ls.jpg"
"Thai Villa","3629","4.5 star rating","(212) 802-9999","Medium","Thai、 Asian Fusion","Flatiron","5 E 19th St","Manhattan","11:30 AM - 10:15 PM",,"false","false","https://s3-media0.fl.yelpcdn.com/bphoto/XKvKGgVuj4_jhqHPVQj4_A/ls.jpg"
"Ess-a-Bagel","3686","4 star rating","(347) 343-5728","Low","Bakeries、 Bagels、 Delis","Midtown East","831 3rd Ave","Manhattan","6:00 AM - 5:00 PM","Delivery、Takeout、Sit-down dining、Outdoor seating、Covered outdoor seating、Private dining、Gift cards、Shipping","true","true","https://s3-media0.fl.yelpcdn.com/bphoto/QM_3c0Y5nYgu-8qcPhjHwA/ls.jpg"
"Ippudo Westside","3715","4 star rating","(212) 974-2500","Medium","Ramen","Theater District","321 W 51st St","Manhattan","11:30 AM - 10:00 PM",,"false","false","https://s3-media0.fl.yelpcdn.com/bphoto/uQX2gw-z0e3S2Qmt0ZFghA/ls.jpg"
"230 Fifth Rooftop Bar","3737","3 star rating","(212) 725-4300","Medium","Cocktail Bars","Flatiron","230 5th Ave","Manhattan","12:00 PM - 12:00 AM (Next day)","Outdoor seating、Indoor dining","false","false","https://s3-media0.fl.yelpcdn.com/bphoto/7-MPNwusNDiiXe_UdvgOyw/ls.jpg"
"Carmine’s Italian Restaurant - Times Square","3768","4 star rating","(212) 221-3800","Medium","Italian、 Caterers、 Venues & Event Spaces","Theater District","200 W 44th St","Manhattan","12:00 PM - 10:00 PM","Delivery、Takeout","true","true","https://s3-media0.fl.yelpcdn.com/bphoto/ABC0jQ9tmZ58dDgztabrVQ/ls.jpg"
"Prince Street Pizza","3816","4.5 star rating","(212) 966-4100","Low","Pizza、 Italian","Nolita","27 Prince St","Manhattan","10:00 AM - 3:00 AM (Next day)","Delivery、Takeout、Curbside pickup、Sit-down dining、Outdoor seating、Indoor dining、Heated outdoor seating、Covered outdoor seating、Private dining、DIY meal kits","true","true","https://s3-media0.fl.yelpcdn.com/bphoto/ZAukOyv530w4KjOHC5YY1w/ls.jpg"
"Momofuku Noodle Bar","4255","3.5 star rating","(212) 777-7773","Medium","Ramen、 American (New)","East Village","171 1st Ave","Manhattan","12:00 PM - 10:00 PM",,"false","false","https://s3-media0.fl.yelpcdn.com/bphoto/tpxnaBydb0iTVCutNG3cSg/ls.jpg"
"Jacob’s Pickles","4387","4 star rating","(212) 470-5566","Medium","Comfort Food、 Southern、 American (Traditional)","Upper West Side","509 Amsterdam Ave","Manhattan","9:00 AM - 11:00 PM","Delivery、Takeout、Sit-down dining、Outdoor seating、Indoor dining、Heated outdoor seating、Covered outdoor seating、Private dining","true","true","https://s3-media0.fl.yelpcdn.com/bphoto/yU9q4U1WSk6diDF0dcA9ag/ls.jpg"
"Dominique Ansel Bakery","4656","4 star rating","(212) 219-2773","Medium","Bakeries、 Desserts","South Village","189 Spring St","Manhattan","8:00 AM - 7:00 PM",,"false","false","https://s3-media0.fl.yelpcdn.com/bphoto/ae6sDhEfUXTE5EKfWSOrCQ/ls.jpg"
"Max Brenner - New York","4673","3.5 star rating","(646) 467-8803","Medium","Desserts、 American (Traditional)、 Breakfast & Brunch","Union Square","841 Broadway","Manhattan","12:00 PM - 11:00 PM",,"false","false","https://s3-media0.fl.yelpcdn.com/bphoto/1Fzl2DqnRJrr-oYUzZbgcg/ls.jpg"
"Bibble & Sip","4905","4.5 star rating","(646) 649-5116","Low","Coffee & Tea、 Bakeries","Theater District","253 W 51st St","Manhattan","10:00 AM - 8:00 PM","Delivery、Takeout、Outdoor seating","true","true","https://s3-media0.fl.yelpcdn.com/bphoto/gX847-f2s1X65RkzsFAWBA/ls.jpg"
"Amy Ruth’s","2676","4 star rating","(212) 280-8779","Medium","Southern、 Soul Food","Harlem","113 W 116th St","Manhattan","11:00 AM - 10:30 PM","Delivery、Takeout、Curbside pickup、Sit-down dining、Outdoor seating、Indoor dining、Heated outdoor seating、Covered outdoor seating、Private dining、DIY meal kits","true","true","https://s3-media0.fl.yelpcdn.com/bphoto/sapq-ooZksx3NgRPnXxmpw/ls.jpg"
"Keens Steakhouse","2609","4 star rating","(212) 947-3636","Very High","Steakhouses、 Desserts、 Pubs","Midtown West","72 W 36th St","Manhattan","12:00 PM - 10:30 PM","Delivery、Takeout、Curbside pickup、Sit-down dining、Outdoor seating、Indoor dining、Heated outdoor seating、Covered outdoor seating","true","true","https://s3-media0.fl.yelpcdn.com/bphoto/r5zJDg4fO0E_foyYa0EHpw/ls.jpg"
"Grace Street","2607","4 star rating","(917) 745-2125","Medium","Coffee & Tea、 Desserts、 Shaved Ice","Koreatown","17 W 32nd St","Manhattan","11:00 AM - 11:30 PM",,"false","false","https://s3-media0.fl.yelpcdn.com/bphoto/On6gXwHqkaZrrN6Q5dEvGA/ls.jpg"
"Joe’s Pizza","2611","4 star rating","(212) 366-1182","Low","Pizza","West Village","7 Carmine St","Manhattan","10:00 AM - 5:00 AM (Next day)","Indoor dining","false","false","https://s3-media0.fl.yelpcdn.com/bphoto/1TvTRG9HFmEGaTSBMcUBhA/ls.jpg"
"TAO Uptown","2616","3.5 star rating","(212) 888-2288","High","Asian Fusion","Midtown East","42 E 58th St","Manhattan","5:00 PM - 10:00 PM","Delivery、Takeout、Curbside pickup、Sit-down dining、Outdoor seating、Indoor dining","true","true","https://s3-media0.fl.yelpcdn.com/bphoto/IuIgdwjn-lUrQKLPNd-X7g/ls.jpg"
"Veselka","2647","4 star rating","(212) 228-9682","Medium","Diners、 Ukrainian","East Village","144 2nd Ave","Manhattan","9:00 AM - 10:00 PM","Delivery、Takeout、Outdoor seating、Indoor dining","true","true","https://s3-media0.fl.yelpcdn.com/bphoto/f1RdxZKOM07-lytOMAHuSA/ls.jpg"
"Woorijip","2659","4 star rating","(212) 244-1115","Low","Korean","Koreatown","12 W 32nd St","Manhattan","11:00 AM - 10:00 PM","Delivery、Takeout、Sit-down dining","true","true","https://s3-media0.fl.yelpcdn.com/bphoto/NZcGFutBjf1frDkslh6urw/ls.jpg"
"OBAO","2660","4 star rating","(212) 245-8880","Medium","Vietnamese、 Thai、 Asian Fusion","Midtown West","647 9th Ave","Manhattan","11:30 AM - 11:00 PM","Delivery、Takeout、Sit-down dining、Outdoor seating、Indoor dining、Heated outdoor seating、Covered outdoor seating","true","true","https://s3-media0.fl.yelpcdn.com/bphoto/CpVI2XJLrvg09Fm83bfPog/ls.jpg"
"Vanessa’s Dumpling House","2672","4 star rating","(212) 625-8008","Low","Chinese","Lower East Side","118A Eldridge St","Manhattan","11:00 AM - 8:30 PM","Delivery、Takeout、Curbside pickup、Sit-down dining、Outdoor seating","true","true","https://s3-media0.fl.yelpcdn.com/bphoto/PhjG-5or1FvxoXzUxi82KA/ls.jpg"
"Pure Thai Cookhouse","2575","4 star rating","(212) 581-0999","Medium","Thai、 Noodles、 Chicken Wings","Theater District","766 9th Ave","Manhattan","12:00 PM - 10:00 PM",,"false","false","https://s3-media0.fl.yelpcdn.com/bphoto/QFYS-7MPGlOjUUy_2TkwLw/ls.jpg"
"Uva","2440","4 star rating","(212) 472-4552","Medium","Italian、 Wine Bars、 Pizza","Upper East Side","1486 2nd Ave","Manhattan","11:00 AM - 11:00 PM","Delivery、Takeout、Sit-down dining、Indoor dining","true","true","https://s3-media0.fl.yelpcdn.com/bphoto/9RtO2LH9u8fh_vSzqUhutg/ls.jpg"
"Olio e Piú","2453","4.5 star rating","(212) 243-6546","Medium","Pizza、 Italian、 Breakfast & Brunch","West Village","3 Greenwich Ave","Manhattan","10:00 AM - 12:00 AM (Next day)",,"false","false","https://s3-media0.fl.yelpcdn.com/bphoto/zfMdQW5StR08SPg96JWy8g/ls.jpg"
"Friedmans","2486","4 star rating","(212) 971-9400","Medium","American (New)、 Breakfast & Brunch、 Juice Bars & Smoothies","Midtown West","132 W 31st St","Manhattan","9:00 AM - 4:00 PM","Delivery、Takeout、Sit-down dining、Outdoor seating、Indoor dining、Heated outdoor seating、Covered outdoor seating","true","true","https://s3-media0.fl.yelpcdn.com/bphoto/ozX4Cw6cgUOjJhakx3kyHg/ls.jpg"
"Rubirosa","2359","4.5 star rating","(212) 965-0500","Medium","Italian、 Pizza","Nolita","235 Mulberry St","Manhattan","12:00 PM - 10:00 PM","Delivery、Takeout、Sit-down dining、Indoor dining","true","true","https://s3-media0.fl.yelpcdn.com/bphoto/LuSzR8cpVQRofXOT_bMi1A/ls.jpg"
"Marea","2109","4 star rating","(212) 582-5100","High","Italian、 Seafood、 Wine Bars","Midtown West","240 Central Park S","Manhattan","12:00 PM - 9:00 PM","Delivery、Takeout、Sit-down dining、Outdoor seating、Indoor dining、Heated outdoor seating、Private dining、DIY meal kits","true","true","https://s3-media0.fl.yelpcdn.com/bphoto/-7_hUV0_zqVzsbqNOJ_iMA/ls.jpg"
"S’MAC","2217","3.5 star rating","(212) 358-7912","Medium","American (Traditional)、 Gluten-Free、 Vegetarian","East Village","197 1st Ave","Manhattan","11:00 AM - 11:00 PM","Delivery、Takeout、Sit-down dining、Outdoor seating、Indoor dining","true","true","https://s3-media0.fl.yelpcdn.com/bphoto/v0WNAlbgqS0IN3NVw98tSw/ls.jpg"
"Cookshop","2133","4 star rating","(212) 924-4440","Medium","American (New)、 Breakfast & Brunch、 Wine Bars","Chelsea","156 10th Ave","Manhattan","10:30 AM - 10:00 PM","Delivery、Takeout、Curbside pickup、Outdoor seating、Indoor dining","true","true","https://s3-media0.fl.yelpcdn.com/bphoto/BVNl4RPKVrw2tYtYfiRWBw/ls.jpg"
"Sushi Yasuda","2133","4 star rating","(212) 972-1001","High","Japanese","Midtown East","204 E 43rd St","Manhattan","4:00 PM - 9:00 PM","Delivery、Takeout、Outdoor seating、Indoor dining","true","true","https://s3-media0.fl.yelpcdn.com/bphoto/z6GvhobHxGaKtpfXBFd5Lg/ls.jpg"
"John’s of Times Square","2158","3.5 star rating","(212) 391-7560","Medium","Pizza","Midtown West","260 W 44th St","Manhattan","12:00 PM - 7:00 PM",,"false","false","https://s3-media0.fl.yelpcdn.com/bphoto/Bv0JmER-bqicw7H25S2NYw/ls.jpg"
"Supreme Restaurant","2166","3.5 star rating","(212) 966-3988","Low","Shanghainese、 Dim Sum","Chinatown","100 Mott St","Manhattan","11:30 AM - 10:30 PM","Delivery、Takeout、Curbside pickup、Sit-down dining、Outdoor seating、Heated outdoor seating、Covered outdoor seating","true","true","https://s3-media0.fl.yelpcdn.com/bphoto/ufge_7wMK3EKe-asFmiyVg/ls.jpg"
"Hill Country Barbecue Market","2183","3.5 star rating","(212) 255-4544","Medium","Barbeque、 Southern、 Bars","Flatiron","30 W 26th St","Manhattan","12:00 PM - 9:00 PM","Delivery、Takeout","true","true","https://s3-media0.fl.yelpcdn.com/bphoto/mjHUf6zqciWfxX6qmM1cBQ/ls.jpg"
"Penelope","2187","3.5 star rating","(212) 481-3800","Medium","American (Traditional)、 Breakfast & Brunch、 American (New)","Kips Bay","159 Lexington Ave","Manhattan","9:00 AM - 9:00 PM","Sit-down dining","false","false","https://s3-media0.fl.yelpcdn.com/bphoto/5gxby8stSAIftZsWju4IAw/ls.jpg"
"Eleven Madison Park","2192","4.5 star rating","(212) 889-0905","Very High","American (New)、 French、 Cocktail Bars","Flatiron","11 Madison Ave","Manhattan","12:00 PM - 1:00 PM, 5:30 PM - 10:30 PM","Curbside pickup、Sit-down dining、Indoor dining","false","false","https://s3-media0.fl.yelpcdn.com/bphoto/2hfw1KehM6JG6WqCAyj32A/ls.jpg"
"Minetta Tavern","2226","4 star rating","(212) 475-3850","High","French、 American (New)、 Breakfast & Brunch","Greenwich Village","113 Macdougal St","Manhattan","11:00 AM - 3:30 PM, 4:30 PM - 10:00 PM","Delivery、Takeout、Indoor dining","true","true","https://s3-media0.fl.yelpcdn.com/bphoto/uMGD3p2lKLGfa3F5-FZxyw/ls.jpg"
"Russ & Daughters","2287","4.5 star rating","(212) 475-4880","Medium","Bagels、 Smokehouse、 Bakeries","Lower East Side","179 E Houston St","Manhattan","9:00 AM - 4:00 PM","Indoor dining","false","false","https://s3-media0.fl.yelpcdn.com/bphoto/EN-MJ-kuk_-ihX1_DKHgFA/ls.jpg"
"Burger Joint","2305","3.5 star rating","(212) 708-7414","Medium","American (Traditional)、 Burgers","Midtown West","119 W 56th St","Manhattan","11:00 AM - 8:00 PM","Delivery、Takeout","true","true","https://s3-media0.fl.yelpcdn.com/bphoto/l6V8FttRctV4SmzvaiyMvw/ls.jpg"
"Catch NYC","2329","3.5 star rating","(212) 392-5978","High","Asian Fusion、 Sushi Bars、 Seafood","Meatpacking District","21 9th Ave","Manhattan","11:30 AM - 3:30 PM, 5:30 PM - 12:00 AM (Next day)","Delivery、Takeout、Curbside pickup、Sit-down dining、Outdoor seating、Indoor dining、Heated outdoor seating、Covered outdoor seating、Private dining","true","true","https://s3-media0.fl.yelpcdn.com/bphoto/mVz9OJCd7DRnsl6intQmfw/ls.jpg"
"Pio Pio 8","2351","4 star rating","(212) 459-2929","Medium","Latin American、 Peruvian","Hell's Kitchen","604 10th Ave","Manhattan","11:00 AM - 12:00 AM (Next day)","Delivery、Takeout、Indoor dining","true","true","https://s3-media0.fl.yelpcdn.com/bphoto/EudNGODUe39iCHZi9PiPIw/ls.jpg"
"Havana Central","2357","4 star rating","(212) 398-7440","Medium","Cuban、 Latin American","Theater District","151 W 46th St","Manhattan","12:00 PM - 11:00 PM",,"false","false","https://s3-media0.fl.yelpcdn.com/bphoto/2prfKoDI3k9RiniHo3iVkg/ls.jpg"
"Trattoria Trecolori","2358","4 star rating","(212) 997-4540","Medium","Italian","Theater District","254 West 47th St","Manhattan","12:00 PM - 10:00 PM","Delivery、Takeout、Outdoor seating","true","true","https://s3-media0.fl.yelpcdn.com/bphoto/nL_iTlbmA__6yNAAj1Xldg/ls.jpg"
"The High Line","2359","4.5 star rating","(212) 206-9922","Unknown",,"Meatpacking District","820 Washington St","Manhattan","10:00 AM - 6:00 PM",,"false","false","https://s3-media0.fl.yelpcdn.com/bphoto/EmcYudpGFlDRclkARn2UfA/ls.jpg"
"Izakaya MEW","2360","4 star rating","(646) 368-9384","Medium","Tapas Bars、 Sushi Bars、 Izakaya","Midtown West","53 W 35th St","Manhattan","12:00 PM - 2:30 PM, 5:00 PM - 11:00 PM",,"false","false","https://s3-media0.fl.yelpcdn.com/bphoto/cL9AZlSoyBFPr8QkyFfnWw/ls.jpg"
"Bleecker Street Pizza","2392","4 star rating","(212) 924-4466","Low","Pizza、 Italian","West Village","69 7th Ave S","Manhattan","10:00 AM - 5:00 AM (Next day)",,"false","false","https://s3-media0.fl.yelpcdn.com/bphoto/Kyi2tP43S_a6s-zXD38NUQ/ls.jpg"
"Mamoun’s Falafel","2404","4 star rating","(212) 674-8685","Low","Middle Eastern、 Falafel","Greenwich Village","119 MacDougal St","Manhattan","11:00 AM - 12:00 AM (Next day)","Delivery、Takeout、Curbside pickup、Outdoor seating","true","true","https://s3-media0.fl.yelpcdn.com/bphoto/7Uvw0k2iRKjCUA9BqM-sgg/ls.jpg"
"Jing Fong Restaurant","2411","3.5 star rating","(212) 964-5256","Medium","Dim Sum、 Cantonese","Chinatown","20 Elizabeth St","Manhattan","9:30 AM - 10:00 PM","Delivery、Takeout、Sit-down dining、Indoor dining","true","true","https://s3-media0.fl.yelpcdn.com/bphoto/2oZ4yWHrOg8h49qf1MUPZw/ls.jpg"
"Up Thai","2417","4.5 star rating","(212) 256-1188","Medium","Thai、 Asian Fusion","Upper East Side","1411 2nd Ave","Manhattan","11:30 AM - 10:00 PM",,"false","false","https://s3-media0.fl.yelpcdn.com/bphoto/i4TPZkTUWJn8aljC0UeU9Q/ls.jpg"
"Babbo","2419","4 star rating","(212) 777-0303","Very High","Italian","Greenwich Village","110 Waverly Pl","Manhattan","5:00 PM - 11:00 PM","Takeout、Curbside pickup、Sit-down dining、Outdoor seating","false","true","https://s3-media0.fl.yelpcdn.com/bphoto/q5C3VQRIzsOoCGrZvjkFHw/ls.jpg"
"Magnolia Bakery West Village","2430","3 star rating","(212) 462-2572","Medium","Bakeries、 Desserts、 Cupcakes","West Village","401 Bleecker St","Manhattan","11:00 AM - 9:00 PM","Delivery、Takeout、Sit-down dining","true","true","https://s3-media0.fl.yelpcdn.com/bphoto/fqN9-uf9O3qyY8q5qj8ENA/ls.jpg"
"Saigon Shack","2434","4 star rating","(212) 228-0588","Low","Sandwiches、 Coffee & Tea、 Salad","Greenwich Village","114 Macdougal St","Manhattan","11:00 AM - 9:00 PM","Delivery、Takeout、Curbside pickup、Sit-down dining、Outdoor seating、Indoor dining","true","true","https://s3-media0.fl.yelpcdn.com/bphoto/TlIH3rCYMec53AszcOtMXQ/ls.jpg"
"ilili","2439","4 star rating","(212) 683-2929","High","Mediterranean、 Lebanese、 Cocktail Bars","Flatiron","236 5th Ave","Manhattan","12:00 PM - 3:30 PM, 5:00 PM - 11:00 PM","Delivery、Takeout、Curbside pickup、Sit-down dining、Outdoor seating、Indoor dining、Heated outdoor seating、Covered outdoor seating、Private dining、DIY meal kits","true","true","https://s3-media0.fl.yelpcdn.com/bphoto/uDoD1yzG5naCvmFYmklyAg/ls.jpg"
"Calle Ocho","2527","4 star rating","(212) 873-5025","Medium","Cuban、 Latin American","Manhattan Valley","2756 Broadway","Manhattan","11:00 AM - 3:00 PM, 5:00 PM - 10:00 PM","Delivery、Takeout、Outdoor seating","true","true","https://s3-media0.fl.yelpcdn.com/bphoto/Sb621JDfZXxc3aFWGNb-Ow/ls.jpg"
"Empanada Mama - Hell’s Kitchen","2539","4 star rating","(212) 698-9008","Low","Latin American、 Food Delivery Services、 Burgers","Hell's Kitchen","765 9th Ave","Manhattan","8:00 AM - 5:00 AM (Next day)","Delivery、Sit-down dining、Outdoor seating、Indoor dining","true","false","https://s3-media0.fl.yelpcdn.com/bphoto/KskFKH3-97U1hGd1IELAjw/ls.jpg"
"Magnolia Bakery Rockefeller Center","2558","3.5 star rating","(212) 767-1123","Medium","Desserts、 Bakeries、 Cupcakes","Theater District","1240 Ave of the Americas","Manhattan","9:00 AM - 9:00 PM","Delivery、Takeout、Sit-down dining","true","true","https://s3-media0.fl.yelpcdn.com/bphoto/fSq3zjaIlaxP6nRZ85liKA/ls.jpg"
"Le Bernardin","2559","4.5 star rating","(212) 554-1515","Very High","French、 Lounges","Theater District","155 W 51st St","Manhattan","5:30 PM - 11:00 PM","Sit-down dining、Outdoor seating","false","false","https://s3-media0.fl.yelpcdn.com/bphoto/c54rsVNmAhn_Ccz4tIXI_Q/ls.jpg"
"Central Park Conservancy","2567","5 star rating","(212) 310-6600","Unknown",,"Upper East Side","14 E 60th St","Manhattan","6:00 AM - 1:00 AM (Next day)",,"false","false","https://s3-media0.fl.yelpcdn.com/bphoto/FoI4L3CPkw7Kq3KLC9lq7Q/ls.jpg"
"Veniero’s","2103","4 star rating","(212) 674-7264","Medium","Bakeries、 Desserts、 Italian","East Village","342 E 11th St","Manhattan","8:00 AM - 11:00 PM",,"false","false","https://s3-media0.fl.yelpcdn.com/bphoto/pMtdkncb9gTkja1DX0Tp6Q/ls.jpg"
"La Esquina - SoHo","2045","3.5 star rating","(646) 613-7100","Medium","Latin American、 Breakfast & Brunch、 Mexican","Nolita","114 Kenmare St","Manhattan","12:00 PM - 11:00 PM","Delivery、Takeout、Sit-down dining、Outdoor seating","true","true","https://s3-media0.fl.yelpcdn.com/bphoto/OKbbMhOq8jd2kF0mtPKuwg/ls.jpg"
"Nom Wah Tea Parlor","2054","3.5 star rating","(212) 962-6047","Medium","Dim Sum","Chinatown","13 Doyers St","Manhattan","12:00 PM - 8:00 PM","Delivery、Takeout、Sit-down dining、Outdoor seating、Indoor dining","true","true","https://s3-media0.fl.yelpcdn.com/bphoto/0V1MsOVh71dKhtPgcGUGcQ/ls.jpg"
"Sugar Sweet Sunshine Bakery","2074","4 star rating","(212) 995-1960","Low","Bakeries、 Desserts、 Cupcakes","Lower East Side","126 Rivington St","Manhattan","10:00 AM - 8:00 PM",,"false","false","https://s3-media0.fl.yelpcdn.com/bphoto/mK4J_NrzxZmmbP-ND6w0gg/ls.jpg"
"BCD Tofu House","2077","4 star rating","(212) 967-1900","Medium","Korean","Koreatown","5W 32nd St","Manhattan","11:00 AM - 12:00 AM (Next day)",,"false","false","https://s3-media0.fl.yelpcdn.com/bphoto/Eg98gCBkeIuRzGCZhuS3Tg/ls.jpg"
"Freemans","2080","4 star rating","(212) 420-0012","Medium","Breakfast & Brunch、 Lounges、 American (Traditional)","Lower East Side","Freeman Alley","Manhattan","11:00 AM - 11:00 PM",,"false","false","https://s3-media0.fl.yelpcdn.com/bphoto/u8-TgAt7tq_VQXj-fXPMCQ/ls.jpg"
"John’s of Bleecker Street","2088","4 star rating","(212) 243-1680","Medium","Pizza","West Village","278 Bleecker St","Manhattan","11:30 AM - 10:00 PM","Delivery、Takeout、Sit-down dining、Outdoor seating、Indoor dining","true","true","https://s3-media0.fl.yelpcdn.com/bphoto/azvVfskp-0QuI4G51R8_VA/ls.jpg"
"American Museum of Natural History","2097","4 star rating","(212) 769-5100","Unknown",,"Upper West Side","200 Central Park W","Manhattan","10:00 AM - 5:30 PM","Virtual tours","false","false","https://s3-media0.fl.yelpcdn.com/bphoto/SMpxO6efdmCBvRdQJiPQFg/ls.jpg"
"Nyonya","2103","4 star rating","(212) 334-3669","Medium","Asian Fusion、 Malaysian、 Chinese","Little Italy","199 Grand St","Manhattan","11:00 AM - 10:00 PM","Delivery、Takeout、Sit-down dining、Outdoor seating、Indoor dining、Private dining","true","true","https://s3-media0.fl.yelpcdn.com/bphoto/YuWC1Gwo7ku4PvD-7mDQnA/ls.jpg"
"5 Napkin Burger Hell’s Kitchen","2102","3.5 star rating","(212) 757-2277","Medium","Burgers","Midtown West","630 9th Ave","Manhattan","11:30 AM - 10:00 PM",,"false","false","https://s3-media0.fl.yelpcdn.com/bphoto/jL6826b9S7BpLRNm-545zw/ls.jpg"
"NY Pizza Suprema","2042","4 star rating","(212) 594-8939","Low","Pizza","Chelsea","413 8th Ave","Manhattan","10:30 AM - 12:00 AM (Next day)","Delivery、Takeout","true","true","https://s3-media0.fl.yelpcdn.com/bphoto/EqbDXneMuQP6pw6GemVdQA/ls.jpg"
"The Museum of Modern Art","1994","4.5 star rating","(212) 708-9400","Unknown",,"Midtown West","11 West 53rd St","Manhattan","10:30 AM - 7:00 PM","In-person visits","false","false","https://s3-media0.fl.yelpcdn.com/bphoto/UlIUYAS-Ux0ngZmad3urHQ/ls.jpg"
"Toloache 50","1997","4 star rating","(212) 581-1818","Medium","Mexican","Theater District","251 West 50th St","Manhattan","12:00 PM - 10:00 PM",,"false","false","https://s3-media0.fl.yelpcdn.com/bphoto/m5yGUnpSxMB0KaxgwwXMQA/ls.jpg"
"L’Artusi","1899","4.5 star rating","(212) 255-5757","High","Italian、 Cocktail Bars","West Village","228 W 10th St","Manhattan","12:00 PM - 10:00 PM","Sit-down dining、Indoor dining","false","false","https://s3-media0.fl.yelpcdn.com/bphoto/I6GySxIEaWaA2n5v7yCl3w/ls.jpg"
"Zen Ramen & Sushi","1824","4.5 star rating","(646) 870-7509","Medium","Sushi Bars、 Ramen、 Salad","Midtown West","150 W 36th street","Manhattan","12:00 PM - 10:00 PM",,"false","false","https://s3-media0.fl.yelpcdn.com/bphoto/-W7fV5FcFuq-KGw_IT_fow/ls.jpg"
"McSorleys Old Ale House","1781","4.5 star rating","(212) 473-9148","Low","Dive Bars、 Breweries、 Beer Bar","East Village","15 E 7th St","Manhattan","11:00 AM - 1:00 AM (Next day)","Delivery、Takeout、Outdoor seating、Indoor dining","true","true","https://s3-media0.fl.yelpcdn.com/bphoto/rMVnbtW504_4qK93_9Fy9w/ls.jpg"
"Ayza Wine & Chocolate Bar","1786","4 star rating","(212) 714-2992","Medium","Wine Bars、 Desserts、 Mediterranean","Koreatown","11 W 31st St","Manhattan","11:00 AM - 12:00 AM (Next day)",,"false","false","https://s3-media0.fl.yelpcdn.com/bphoto/NBmSmFpDQudnoawfw8pdrw/ls.jpg"
"Please Don’t Tell","1788","4 star rating","(212) 614-0386","High","Lounges、 Speakeasies","East Village","113 St Marks Pl","Manhattan","6:00 PM - 3:00 AM (Next day)",,"false","false","https://s3-media0.fl.yelpcdn.com/bphoto/zk1RQhSYBQ7Dy9-QyDaVSQ/ls.jpg"
"Tanner Smiths","1788","4.5 star rating","(646) 590-2034","Medium","Cocktail Bars、 American (New)、 Beer Bar","Midtown West","204 W 55th St","Manhattan","12:00 PM - 12:00 AM (Next day)",,"false","false","https://s3-media0.fl.yelpcdn.com/bphoto/PN_BcUZc15I9PuT2bF_mjw/ls.jpg"
"Buvette","1792","4 star rating","(212) 255-3590","Medium","French、 Wine Bars、 Cocktail Bars","West Village","42 Grove St","Manhattan","8:00 AM - 10:00 PM",,"false","false","https://s3-media0.fl.yelpcdn.com/bphoto/UqIVpvNkryz5GJi3LedwFQ/ls.jpg"
"Golden Unicorn","1793","3.5 star rating","(212) 941-0911","Medium","Dim Sum、 Cantonese","Chinatown","18 E Broadway","Manhattan","9:30 AM - 8:00 PM","Delivery、Takeout、Curbside pickup、Sit-down dining、Outdoor seating、Indoor dining、Heated outdoor seating、Covered outdoor seating、Private dining、DIY meal kits","true","true","https://s3-media0.fl.yelpcdn.com/bphoto/jfQVal9u0RMr03xX6GkPsA/ls.jpg"
"Sushi Yasaka","1794","4 star rating","(212) 496-8460","Medium","Japanese、 Sushi Bars","Upper West Side","251 W 72nd St","Manhattan","12:00 PM - 3:00 PM, 5:00 PM - 10:00 PM",,"false","false","https://s3-media0.fl.yelpcdn.com/bphoto/_U6FaHQbA_44sUQBVlI9_Q/ls.jpg"
"Dallas BBQ","1796","3 star rating","(212) 221-9000","Medium","Barbeque、 American (Traditional)","Midtown West","241 W 42nd St","Manhattan","11:00 AM - 1:30 AM (Next day)","Delivery、Takeout、Sit-down dining、Outdoor seating","true","true","https://s3-media0.fl.yelpcdn.com/bphoto/RZbfuQrjihJFH9q1dYjtUg/ls.jpg"
"Yuca Bar","1833","4 star rating","(212) 982-9533","Medium","Latin American、 Tapas Bars、 Cocktail Bars","East Village","111 Avenue A","Manhattan","11:00 AM - 11:00 PM","Delivery、Takeout、Indoor dining","true","true","https://s3-media0.fl.yelpcdn.com/bphoto/jP2eHFr9p6EOzDOFh7es3A/ls.jpg"
"Sarabeths - Central Park","1834","3.5 star rating","(212) 826-5959","Medium","Breakfast & Brunch、 American (Traditional)、 Cocktail Bars","Midtown West","40 Central Park S","Manhattan","8:00 AM - 9:00 PM","Delivery、Takeout、Curbside pickup、Sit-down dining、Outdoor seating、Indoor dining、Heated outdoor seating、Covered outdoor seating、Private dining","true","true","https://s3-media0.fl.yelpcdn.com/bphoto/6mHMwDA0YksJQt88Nm7u0g/ls.jpg"
"Sylvia’s Restaurant","1866","3.5 star rating","(212) 996-0660","Medium","Southern、 Soul Food、 Seafood","Harlem","328 Malcolm X Blvd","Manhattan","8:00 AM - 10:30 PM","Takeout、Sit-down dining、Outdoor seating","false","true","https://s3-media0.fl.yelpcdn.com/bphoto/bB8nCnQIG9gQLt6jIlA6gw/ls.jpg"
"Miss KOREA BBQ","1876","3.5 star rating","(212) 594-4963","Medium","Korean、 Barbeque","Koreatown","10 W 32nd St","Manhattan","10:00 AM - 10:00 PM",,"false","false","https://s3-media0.fl.yelpcdn.com/bphoto/Aep13M2z7VkF3Ub0bCMoCw/ls.jpg"
"Upstate Craft Beer & Oyster Bar","1885","4.5 star rating","(646) 791-5400","Medium","Seafood","East Village","95 1st Ave","Manhattan","5:00 PM - 10:00 PM",,"false","false","https://s3-media0.fl.yelpcdn.com/bphoto/RvnUVU7MF7DT0RzNL-EebQ/ls.jpg"
"Jean-Georges","1889","4 star rating","(212) 299-3900","Very High","French、 American (New)、 Asian Fusion","Upper West Side","1 Central Park W","Manhattan","8:00 AM - 10:30 AM, 12:00 PM - 2:30 PM, 5:00 PM - 9:30 PM","Delivery、Takeout、Sit-down dining、Outdoor seating、Indoor dining","true","true","https://s3-media0.fl.yelpcdn.com/bphoto/tSJhcc9W1wb9peait1pMLg/ls.jpg"
"99 Favor Taste","1895","4 star rating","(646) 682-9162","Medium","Chinese、 Hot Pot、 Barbeque","Lower East Side","285 Grand St","Manhattan","11:00 AM - 10:00 PM",,"false","false","https://s3-media0.fl.yelpcdn.com/bphoto/RPkySaBzhndYeT-sszbHtA/ls.jpg"
"Ladurée Madison","1906","4.5 star rating","(646) 558-3157","High","Macarons、 Patisserie/Cake Shop、 Tea Rooms","Upper East Side","864 Madison Ave","Manhattan","10:00 AM - 7:00 PM","Indoor dining","false","false","https://s3-media0.fl.yelpcdn.com/bphoto/zcqt41_BF_GopMJzNehmgQ/ls.jpg"
"Tsurutontan Udon Noodle Brasserie","1920","4 star rating","(212) 989-1000","Medium","Japanese、 Noodles、 Soup","Union Square","21 E 16th St","Manhattan","12:00 PM - 8:30 PM","Delivery、Takeout、Sit-down dining、Outdoor seating","true","true","https://s3-media0.fl.yelpcdn.com/bphoto/S1XMhxctHZBhMu-qJegLdw/ls.jpg"
"Alta","1921","4 star rating","(212) 505-7777","High","Tapas Bars、 Mediterranean、 Spanish","Greenwich Village","64 W 10th St","Manhattan","5:00 PM - 9:45 PM",,"false","false","https://s3-media0.fl.yelpcdn.com/bphoto/aUWGUNBLw-mbQZOzJ9-Pdw/ls.jpg"
"Cafe Mogador","1927","4 star rating","(212) 677-2226","Medium","Moroccan、 Middle Eastern、 Breakfast & Brunch","East Village","101 St Marks Pl","Manhattan","11:30 AM - 10:00 PM","Delivery、Takeout、Curbside pickup、Sit-down dining、Outdoor seating","true","true","https://s3-media0.fl.yelpcdn.com/bphoto/4cQaXVpbgL8lm0hqpQGmwQ/ls.jpg"
"The Boil","1950","4 star rating","(212) 925-8815","Medium","Cajun/Creole、 Seafood、 Live/Raw Food","Lower East Side","139 Chrystie St","Manhattan","3:00 PM - 11:00 PM",,"false","false","https://s3-media0.fl.yelpcdn.com/bphoto/oWCJBXN8cM-nGi83pNqc5g/ls.jpg"
"Bengal Tiger Indian Food","1955","4.5 star rating","(212) 265-2703","Medium","Indian","Midtown West","58 W 56th St","Manhattan","11:30 AM - 10:00 PM",,"false","false","https://s3-media0.fl.yelpcdn.com/bphoto/UIX06NFq1Ux1mX4BGwMtGA/ls.jpg"
"Scarpetta","1959","4 star rating","(212) 691-0555","High","Italian、 Bars、 Desserts","Flatiron","88 Madison Ave","Manhattan","5:00 PM - 9:30 PM","Delivery、Takeout、Curbside pickup、Sit-down dining、Outdoor seating、Indoor dining、Heated outdoor seating、Covered outdoor seating、Private dining、DIY meal kits","true","true","https://s3-media0.fl.yelpcdn.com/bphoto/rinYP3lyShbUzJviQ92yIg/ls.jpg"
"Jack’s Wife Freda","1965","4 star rating","(212) 510-8550","Medium","Breakfast & Brunch、 Mediterranean、 American (New)","SoHo","224 Lafayette St","Manhattan","10:00 AM - 10:00 PM","Sit-down dining、Indoor dining","false","false","https://s3-media0.fl.yelpcdn.com/bphoto/-4nDDP8HW7P2hT64k-BzdQ/ls.jpg"
"Quality Meats","1984","4 star rating","(212) 371-7777","Very High","Steakhouses、 Salad、 Desserts","Midtown West","57 W 58th St","Manhattan","4:00 PM - 12:00 AM (Next day)",,"false","false","https://s3-media0.fl.yelpcdn.com/bphoto/gh0ikMYn3Bh9in81O-TD3w/ls.jpg"
"Jongro BBQ","2026","4 star rating","(212) 473-2233","Medium","Korean、 Barbeque、 Beer Bar","Koreatown","22 W 32nd St","Manhattan","11:30 AM - 11:00 PM",,"false","false","https://s3-media0.fl.yelpcdn.com/bphoto/G0IeLwvmss-QsBu1ZWEIfg/ls.jpg"
"Empire State Building","2013","4 star rating","(212) 736-3100","Unknown",,"Koreatown","20 W 34th St","Manhattan","12:00 PM - 9:00 PM",,"false","false","https://s3-media0.fl.yelpcdn.com/bphoto/gPgGTffsbNMdccW0ahRcNg/ls.jpg"
"Essex","2033","3.5 star rating","(212) 533-9616","High","Bars、 American (New)","Lower East Side","124 Rivington St","Manhattan","10:00 AM - 11:00 PM",,"false","false","https://s3-media0.fl.yelpcdn.com/bphoto/NaF9UwAGVhg625qZ4hXevw/ls.jpg"
"Turntable Chicken Jazz","2033","4 star rating","(212) 714-9700","Medium","Chicken Wings、 Korean、 Gastropubs","Koreatown","20 W 33rd St","Manhattan","12:00 PM - 11:00 PM","Delivery、Takeout、Curbside pickup、Sit-down dining、Outdoor seating、Indoor dining、Heated outdoor seating、Covered outdoor seating、Private dining、DIY meal kits","true","true","https://s3-media0.fl.yelpcdn.com/bphoto/9Ym1aFMnj6eqEBZngQg3Iw/ls.jpg"
"Barn Joo 35","2034","4.5 star rating","(212) 564-4430","Medium","Korean、 Gastropubs、 Tapas/Small Plates","Midtown West","34 W 35th St","Manhattan","12:00 PM - 10:00 PM",,"false","false","https://s3-media0.fl.yelpcdn.com/bphoto/h4zKOxpPuJ958w8S43Wu4A/ls.jpg"
"Schmackary’s","2038","4 star rating","(646) 801-9866","Low","Desserts、 Bakeries、 Coffee & Tea","Midtown West","362 W 45th St","Manhattan","12:00 PM - 10:00 PM","Delivery、Outdoor seating","true","false","https://s3-media0.fl.yelpcdn.com/bphoto/_BA179tvEazDc85G6jzR0A/ls.jpg"
"Mighty Quinn’s Barbeque","1778","4 star rating","(212) 677-3733","Medium","Barbeque","East Village","103 2nd Ave","Manhattan","12:00 PM - 9:00 PM","Delivery、Takeout、Sit-down dining","true","true","https://s3-media0.fl.yelpcdn.com/bphoto/m5s9mIn8YTJhGrVCrCieJA/ls.jpg"
"Eileen’s Special Cheesecake","1703","4.5 star rating","(212) 966-5585","Low","Bakeries、 Desserts","Nolita","17 Cleveland Pl","Manhattan","11:00 AM - 7:00 PM","Delivery、Takeout","true","true","https://s3-media0.fl.yelpcdn.com/bphoto/WvcJXhOFpDWdcO-ZVXee4g/ls.jpg"
"Shanghai 21","1709","4 star rating","(212) 766-6311","Medium","Shanghainese","Chinatown","21 Mott St","Manhattan","11:00 AM - 10:00 PM","Delivery、Takeout、Indoor dining","true","true","https://s3-media0.fl.yelpcdn.com/bphoto/1rNQzY87fKHPOEexZIGHGg/ls.jpg"
"Red Bamboo","1718","4 star rating","(212) 260-1212","Medium","Vegetarian、 Soul Food、 Vegan","Greenwich Village","140 W 4th St","Manhattan","12:00 PM - 9:00 PM","Delivery、Takeout、Curbside pickup、Sit-down dining、Outdoor seating","true","true","https://s3-media0.fl.yelpcdn.com/bphoto/dvbsjK-TA2KpUyMun7T7Nw/ls.jpg"
"Tim Ho Wan","1711","3.5 star rating","(212) 228-2800","Medium","Dim Sum、 Cantonese","East Village","85 4th Ave","Manhattan","11:00 AM - 9:00 PM",,"false","false","https://s3-media0.fl.yelpcdn.com/bphoto/2XTvXWBYR1zpiW1MXAxUZA/ls.jpg"
"Claw Daddy’s","1739","4 star rating","(646) 590-6816","Medium","Cajun/Creole、 Seafood","Lower East Side","185 Orchard St","Manhattan","12:00 PM - 11:00 PM",,"false","false","https://s3-media0.fl.yelpcdn.com/bphoto/RCru71cTtO-TtqRw50rc2w/ls.jpg"
"Sakagura","1775","4 star rating","(212) 953-7253","High","Japanese","Midtown East","211 E 43rd St","Manhattan","5:30 PM - 12:00 AM (Next day)",,"false","false","https://s3-media0.fl.yelpcdn.com/bphoto/Cx5kE2hR-Lm0OrmM1NW-nQ/ls.jpg"
"Poco - NYC","1693","3.5 star rating","(212) 228-4461","Medium","Tapas Bars、 Spanish","Alphabet City","33 Avenue B","Manhattan","11:00 AM - 5:00 PM, 6:30 PM - 10:00 PM",,"false","false","https://s3-media0.fl.yelpcdn.com/bphoto/fSfM1DbcrOTpvWR0m3SCIg/ls.jpg"
"Per Se","1664","4.5 star rating","(212) 823-9335","Very High","French","Hell's Kitchen","10 Columbus Cir","Manhattan","5:00 PM - 9:00 PM","Sit-down dining、Indoor dining","false","false","https://s3-media0.fl.yelpcdn.com/bphoto/ljK3mGoZU9iIoO_j-NzAjA/ls.jpg"
"Café China","1673","4 star rating","(212) 213-2810","Medium","Szechuan","Midtown East","13 E 37th St","Manhattan","11:00 AM - 10:30 PM",,"false","false","https://s3-media0.fl.yelpcdn.com/bphoto/UhHqxEX2epOvrBFI2pgRzg/ls.jpg"
"Root & Bone","1622","4 star rating","(646) 682-7080","Medium","Southern、 Comfort Food、 Desserts","Alphabet City","200 E 3rd St","Manhattan","10:00 AM - 4:00 PM, 5:00 PM - 10:00 PM","Delivery、Takeout、Sit-down dining、Outdoor seating、Indoor dining、Heated outdoor seating、Covered outdoor seating、Private dining","true","true","https://s3-media0.fl.yelpcdn.com/bphoto/wvua8sLOp181T_Sb41MLJg/ls.jpg"
"Minca","1675","4 star rating","(212) 505-8001","Medium","Ramen","East Village","536 E 5th St","Manhattan","12:00 PM - 8:30 PM","Delivery、Takeout、Sit-down dining、Outdoor seating、Indoor dining","true","true","https://s3-media0.fl.yelpcdn.com/bphoto/568nXQT_kAatscSBaIcdBA/ls.jpg"
"Yakitori Taisho","1585","3.5 star rating","(212) 228-5086","Medium","Japanese","East Village","5 St Marks Pl","Manhattan","6:00 PM - 4:00 AM (Next day)","Sit-down dining、Outdoor seating、Indoor dining","false","false","https://s3-media0.fl.yelpcdn.com/bphoto/B7w1ocMk86mhwkZ6fvlzOw/ls.jpg"
"Wah Fung No 1","1550","4.5 star rating","(212) 925-5175","Low","Chinese、 Fast Food","Lower East Side","79 Chrystie St","Manhattan","9:00 AM - 7:00 PM","Social distancing enforced、Staff wears masks、Staff wears gloves、Masks required","false","false","https://s3-media0.fl.yelpcdn.com/bphoto/oMriteKj4yYHMmb8myOgJA/ls.jpg"
"Dough","1550","4 star rating","(212) 243-6844","Low","Desserts、 Donuts、 Bakeries","Flatiron","14 W 19th St","Manhattan","6:00 AM - 9:00 PM","Delivery、Takeout、Sit-down dining、Indoor dining","true","true","https://s3-media0.fl.yelpcdn.com/bphoto/Mg3YZ1U-UpkFCCiaL5Remw/ls.jpg"
"Spice","1550","3.5 star rating","(212) 982-3758","Medium","Thai、 Cocktail Bars","Union Square","39 E 13th St","Manhattan","12:30 PM - 11:30 PM","Delivery、Takeout","true","true","https://s3-media0.fl.yelpcdn.com/bphoto/Xv-vdQlggFKMY9lyVdd3aA/ls.jpg"
"Lupa","1558","4 star rating","(212) 982-5089","High","Italian","Greenwich Village","170 Thompson St","Manhattan","12:00 PM - 12:00 AM (Next day)","Delivery、Takeout、Sit-down dining、Indoor dining","true","true","https://s3-media0.fl.yelpcdn.com/bphoto/OdUK7zgusaMmPzToZuq3tA/ls.jpg"
"BoCaphe","1564","4 star rating","(646) 882-1939","Medium","Vietnamese、 Breakfast & Brunch、 French","SoHo","222 Lafayette St","Manhattan","9:30 AM - 12:00 AM (Next day)",,"false","false","https://s3-media0.fl.yelpcdn.com/bphoto/ffH2uivBehucfzNsFaOqQg/ls.jpg"
"Cuba Restaurant and Rum Bar","1576","4 star rating","(212) 420-7878","Medium","Cuban","Greenwich Village","222 Thompson St","Manhattan","12:00 PM - 12:00 AM (Next day)","Delivery、Takeout、Sit-down dining、Outdoor seating、Indoor dining、Heated outdoor seating、Covered outdoor seating、Private dining","true","true","https://s3-media0.fl.yelpcdn.com/bphoto/sGW1c_plm14yarqFeUbLGw/ls.jpg"
"The Breslin","1578","3.5 star rating","(212) 679-1939","High","Gastropubs","Flatiron","16 W 29th St","Manhattan","12:00 PM - 9:00 PM","Takeout","false","true","https://s3-media0.fl.yelpcdn.com/bphoto/ptkJzIJrbPgtDTJ_UBktIA/ls.jpg"
"The Dead Rabbit","1580","4 star rating","(646) 422-7906","Medium","Cocktail Bars","Financial District","30 Water St","Manhattan","12:00 PM - 11:00 PM","Curbside pickup","false","false","https://s3-media0.fl.yelpcdn.com/bphoto/_4T5R0HHhASROheby-TXDA/ls.jpg"
"The Mercer Kitchen","1581","3.5 star rating","(212) 966-5454","Medium","American (New)、 French、 Cocktail Bars","SoHo","99 Prince St","Manhattan","7:00 AM - 1:00 AM (Next day)","Delivery、Takeout、Curbside pickup","true","true","https://s3-media0.fl.yelpcdn.com/bphoto/2kD9CGQ-T4M6Tz8s_HhR6w/ls.jpg"
"Ferrara Bakery & Cafe","1581","3.5 star rating","(212) 226-6150","Medium","Bakeries、 Desserts、 Gelato","Little Italy","195 Grand St","Manhattan","9:00 AM - 11:00 PM","Delivery、Takeout","true","true","https://s3-media0.fl.yelpcdn.com/bphoto/bmJabXEt4mcL99W8PFXi5w/ls.jpg"
"Ladurée SoHo","1589","3.5 star rating","(646) 392-7868","High","Tea Rooms、 Macarons、 Patisserie/Cake Shop","South Village","398 W Broadway","Manhattan","9:00 AM - 11:00 PM","Delivery、Takeout、Sit-down dining、In-store shopping","true","true","https://s3-media0.fl.yelpcdn.com/bphoto/kOU2qgsrtRcxA5W75S2UEg/ls.jpg"
"Virgil’s Real BBQ - New York","1595","3.5 star rating","(212) 921-9494","Medium","Barbeque、 Venues & Event Spaces、 American (Traditional)","Theater District","152 W 44th St","Manhattan","8:00 AM - 12:00 AM (Next day)","Delivery、Takeout、Curbside pickup","true","true","https://s3-media0.fl.yelpcdn.com/bphoto/hoBRXd1fW4pItGUfzEntHg/ls.jpg"
"Dutch Freds","1597","4.5 star rating","(646) 918-6923","Medium","Cocktail Bars、 American (New)、 Breakfast & Brunch","Theater District","307 W 47th St","Manhattan","11:00 AM - 12:00 AM (Next day)","Delivery、Takeout、Sit-down dining、Outdoor seating","true","true","https://s3-media0.fl.yelpcdn.com/bphoto/F5fSQkZSmWf_JEkcFUpcyA/ls.jpg"
"Boucherie West Village","1598","4.5 star rating","(212) 837-1616","High","French、 Cocktail Bars、 Steakhouses","West Village","99 7th Ave S","Manhattan","10:00 AM - 12:00 AM (Next day)",,"false","false","https://s3-media0.fl.yelpcdn.com/bphoto/gGTUB2AHF7sK5u-wdjO8DA/ls.jpg"
"Congee Village","1606","3.5 star rating","(212) 941-1818","Medium","Cantonese、 Seafood","Lower East Side","100 Allen St","Manhattan","11:00 AM - 8:00 PM",,"false","false","https://s3-media0.fl.yelpcdn.com/bphoto/Nccuu7yqWhOiEtuqozq9DA/ls.jpg"
"La Sirène-Soho","1611","4.5 star rating","(212) 925-3061","High","French","South Village","558 Broome St","Manhattan","4:00 PM - 11:00 PM","Delivery、Takeout、Sit-down dining、Outdoor seating","true","true","https://s3-media0.fl.yelpcdn.com/bphoto/L7cSgPVmrKJosZatGJKvBg/ls.jpg"
"Patzeria Perfect Pizza","1613","4 star rating","(212) 575-7646","Low","Pizza、 Italian、 Breakfast & Brunch","Theater District","231 W 46th St","Manhattan","7:00 AM - 1:00 AM (Next day)","Delivery、Takeout、Sit-down dining、Outdoor seating","true","true","https://s3-media0.fl.yelpcdn.com/bphoto/w62on7rHWF6ZNTVy6M6RuQ/ls.jpg"
"Sugar Factory","1630","3.5 star rating","Unknown","High","Desserts、 Candy Stores、 American (Traditional)","Unknown","835 Washington St","Manhattan","11:00 AM - 2:00 AM (Next day)","Delivery、Takeout、Outdoor seating","true","true","https://s3-media0.fl.yelpcdn.com/bphoto/4YFjW4bcfHjwtUCfp2oLJw/ls.jpg"
"Top of the Rock","1631","4.5 star rating","(877) 692-7625","Unknown",,"Midtown West","30 Rockefeller Ctr","Manhattan","8:00 AM - 12:00 AM (Next day)",,"false","false","https://s3-media0.fl.yelpcdn.com/bphoto/D1P8gIdwDRK_SovU_DTMKA/ls.jpg"
"Tasty Hand-Pulled Noodles","1633","4 star rating","(212) 791-1817","Low","Chinese、 Noodles","Chinatown","1 Doyers St","Manhattan","10:30 AM - 10:30 PM","Delivery、Takeout、Sit-down dining、Indoor dining","true","true","https://s3-media0.fl.yelpcdn.com/bphoto/S4YfmBNkmDl7l2aiYJwBuA/ls.jpg"
"Daniel","1637","4.5 star rating","(212) 288-0033","Very High","French、 Bars、 American (New)","Upper East Side","60 E 65th St","Manhattan","5:00 PM - 10:30 PM",,"false","false","https://s3-media0.fl.yelpcdn.com/bphoto/8NEPw6Mn1Oa7NdcAlweHAw/ls.jpg"
"Soft Swerve","1639","4.5 star rating","(646) 476-6311","Low","Ice Cream & Frozen Yogurt","Lower East Side","85B Allen St","Manhattan","1:00 PM - 10:30 PM",,"false","false","https://s3-media0.fl.yelpcdn.com/bphoto/1vJyNPsoUnhK0ti0DaND4g/ls.jpg"
"Barn Joo","1644","4 star rating","(646) 398-9663","Medium","Korean、 Cocktail Bars、 Tapas/Small Plates","Union Square","35 Union Sq W","Manhattan","12:00 PM - 10:00 PM",,"false","false","https://s3-media0.fl.yelpcdn.com/bphoto/i7ReKaGzUGGXuisJFIV-RA/ls.jpg"
"Locanda Verde","1653","4 star rating","(212) 925-3797","High","Italian、 Cocktail Bars、 Breakfast & Brunch","TriBeCa","377 Greenwich St","Manhattan","10:00 AM - 3:00 PM, 5:00 PM - 10:00 PM","Delivery、Takeout、Sit-down dining、Outdoor seating、Indoor dining","true","true","https://s3-media0.fl.yelpcdn.com/bphoto/KYYcu7_1pVSW3OBFe5W7MQ/ls.jpg"
"Pig and Khao","1656","4 star rating","(212) 920-4485","Medium","Filipino、 Thai、 Asian Fusion","Lower East Side","68 Clinton St","Manhattan","11:00 AM - 3:30 PM, 5:00 PM - 12:00 AM (Next day)","Delivery、Takeout、Sit-down dining、Outdoor seating","true","true","https://s3-media0.fl.yelpcdn.com/bphoto/lVUEbZ9sFojU2DeRLgzRQA/ls.jpg"
"Gyu-Kaku Japanese BBQ","1681","4 star rating","(212) 475-2989","High","Japanese、 Barbeque、 Asian Fusion","NoHo","34 Cooper Sq","Manhattan","11:00 AM - 10:00 PM",,"false","false","https://s3-media0.fl.yelpcdn.com/bphoto/D2P7BkVpNscxXyprljJxCA/ls.jpg"
"Momosan Ramen & Sake - New York","1662","4 star rating","(646) 201-5529","Medium","Ramen、 Tapas/Small Plates","Murray Hill","342 Lexington Ave","Manhattan","11:30 AM - 2:45 PM, 5:00 PM - 8:45 PM","Delivery、Takeout、Curbside pickup、Sit-down dining、Indoor dining、Heated outdoor seating、Private dining、DIY meal kits","true","true","https://s3-media0.fl.yelpcdn.com/bphoto/3ZsVDUEXuJDzSgz7DxVQfQ/ls.jpg"
"Adrienne’s Pizzabar","1682","4 star rating","(212) 248-3838","Medium","Pizza、 Italian、 Beer Bar","Financial District","54 Stone St","Manhattan","11:30 AM - 12:00 AM (Next day)","Delivery、Takeout","true","true","https://s3-media0.fl.yelpcdn.com/bphoto/MOG8wpqkeYQxDslq7ospLw/ls.jpg"
"Lure Fishbar","1677","4 star rating","(212) 431-7676","High","Seafood、 Sushi Bars、 Bars","SoHo","142 Mercer St","Manhattan","11:30 AM - 9:30 PM","Delivery、Takeout、Sit-down dining、Outdoor seating、Indoor dining","true","true","https://s3-media0.fl.yelpcdn.com/bphoto/uUa1NJdRR4iljdfu6D1V8A/ls.jpg"
"Sweet Chick","1687","4 star rating","(646) 657-0233","Medium","Southern、 Breakfast & Brunch、 American (Traditional)","Lower East Side","178 Ludlow St","Manhattan","12:00 PM - 10:00 PM",,"false","false","https://s3-media0.fl.yelpcdn.com/bphoto/e7M1L-t2C2wivXMx1qd-KQ/ls.jpg"
"Molly’s Cupcakes","1690","4.5 star rating","(212) 414-2253","Medium","Bakeries、 Cupcakes、 Custom Cakes","West Village","228 Bleecker St","Manhattan","10:00 AM - 9:00 PM","Delivery、Takeout","true","true","https://s3-media0.fl.yelpcdn.com/bphoto/CyrOC4ZjNMmYp4hiccX3IA/ls.jpg"
"Banh Mi Saigon","1519","4 star rating","(212) 941-1541","Low","Vietnamese、 Sandwiches","Little Italy","198 Grand St","Manhattan","10:00 AM - 5:00 PM",,"false","false","https://s3-media0.fl.yelpcdn.com/bphoto/T2zfH39XzIHLHT8_UsLSrA/ls.jpg"
"Death & Co","1520","4 star rating","(212) 388-0882","High","Lounges、 Cocktail Bars","East Village","433 E 6th St","Manhattan","5:00 PM - 11:00 PM",,"false","false","https://s3-media0.fl.yelpcdn.com/bphoto/7xJdaitJgW5TWYr8TpEfyg/ls.jpg"
"Corner Bistro","1524","3.5 star rating","(212) 242-9502","Medium","American (Traditional)、 Burgers、 Dive Bars","West Village","331 W 4th St","Manhattan","8:00 AM - 12:00 AM (Next day)","Delivery、Takeout、Curbside pickup、Sit-down dining、Outdoor seating、Indoor dining、Heated outdoor seating、Covered outdoor seating、Private dining、DIY meal kits","true","true","https://s3-media0.fl.yelpcdn.com/bphoto/hmeYjK0Ip19vOViJt4-JMQ/ls.jpg"
"Top Thai Greenwich","1525","4.5 star rating","(646) 726-4418","Medium","Thai、 Cocktail Bars、 Halal","Greenwich Village","235 Sullivan St","Manhattan","11:00 AM - 10:45 PM",,"false","false","https://s3-media0.fl.yelpcdn.com/bphoto/4xK8iIj2rZrRvP9MMG7yOA/ls.jpg"
"Taim West Village","1528","4.5 star rating","(212) 691-1287","Medium","Falafel、 Salad、 Gluten-Free","West Village","222 Waverly Pl","Manhattan","11:00 AM - 10:00 PM",,"false","false","https://s3-media0.fl.yelpcdn.com/bphoto/vjp6kjQW4exQuTr0DRfW8w/ls.jpg"
"Boka","1541","3.5 star rating","(646) 678-5796","Medium","Korean","East Village","9 St Marks Pl","Manhattan","11:00 AM - 3:30 AM (Next day)","Staff wears masks","false","false","https://s3-media0.fl.yelpcdn.com/bphoto/m7k6wKCuF7X5MggtHjlWlg/ls.jpg"
"Kenka","1543","3.5 star rating","(212) 254-6363","Medium","Sushi Bars、 Japanese","East Village","25 St Marks Pl","Manhattan","6:00 PM - 3:00 AM (Next day)","Delivery、Takeout","true","true","https://s3-media0.fl.yelpcdn.com/bphoto/Svr09aesxUQCl1_Aq05jsw/ls.jpg"
"Pocha 32","1541","3.5 star rating","(212) 279-1876","Medium","Korean、 Barbeque、 Noodles","Koreatown","15 W 32nd St","Manhattan","12:00 PM - 12:00 AM (Next day)",,"false","false","https://s3-media0.fl.yelpcdn.com/bphoto/YuKnb9o67f7I-HguQeMLxQ/ls.jpg"
"Aunt Jake’s","1517","4 star rating","(646) 858-0470","Medium","Italian、 Wine Bars、 Pasta Shops","Little Italy","133 Mulberry St","Manhattan","12:00 PM - 11:00 PM","Delivery、Takeout、Sit-down dining、Outdoor seating、Indoor dining","true","true","https://s3-media0.fl.yelpcdn.com/bphoto/jxNs5G8byFzZ27Xhm5if6A/ls.jpg"
"Wo Hop","1479","3.5 star rating","(212) 962-8617","Medium","Chinese、 Noodles、 Soup","Chinatown","17 Mott St","Manhattan","10:30 AM - 9:00 PM",,"false","false","https://s3-media0.fl.yelpcdn.com/bphoto/S8GzetIlPutiaN16AG8NHg/ls.jpg"
"Junoon","1481","3.5 star rating","(212) 490-2100","High","Indian、 Desserts、 Wine Bars","Flatiron","27 W 24th St","Manhattan","1:00 PM - 10:00 PM",,"false","false","https://s3-media0.fl.yelpcdn.com/bphoto/iG6DrgsDb2ln2F3nJnZc-Q/ls.jpg"
"Victor’s Cafe","1481","4 star rating","(212) 586-7714","High","Cuban、 Tapas Bars、 Lounges","Theater District","236 W 52nd St","Manhattan","5:00 PM - 11:00 PM",,"false","false","https://s3-media0.fl.yelpcdn.com/bphoto/Ts6hioUXawlKSHUZ3SksUw/ls.jpg"
"STK Steakhouse Downtown NYC","1463","3.5 star rating","(646) 624-2444","High","Steakhouses、 American (New)、 Cocktail Bars","Meatpacking District","26 Little West 12th St","Manhattan","11:00 AM - 11:00 PM","Delivery、Takeout、Sit-down dining、Outdoor seating、Indoor dining","true","true","https://s3-media0.fl.yelpcdn.com/bphoto/Pw-6MRk6GUaEt7T2Uye25Q/ls.jpg"
"Tao Downtown","1440","3.5 star rating","(212) 888-2724","High","Lounges","Chelsea","92 9th Ave","Manhattan","5:00 PM - 10:00 PM","Curbside pickup、Sit-down dining、Outdoor seating、Indoor dining、Heated outdoor seating、Covered outdoor seating","false","false","https://s3-media0.fl.yelpcdn.com/bphoto/WrEGbHNAfbNSmcvLf47kUQ/ls.jpg"
"Good Enough to Eat","1442","3.5 star rating","(212) 496-0163","Medium","Breakfast & Brunch、 American (Traditional)、 Comfort Food","Upper West Side","520 Columbus Ave","Manhattan","9:00 AM - 4:00 PM, 5:30 PM - 11:00 PM","Delivery、Takeout、Sit-down dining、Outdoor seating、Indoor dining","true","true","https://s3-media0.fl.yelpcdn.com/bphoto/lqJOStzjQdLDjyjYZ9VFcg/ls.jpg"
"Don Antonio","1443","4 star rating","(646) 719-1043","Medium","Pizza、 Italian、 Cocktail Bars","Theater District","309 W 50th St","Manhattan","10:30 AM - 9:45 PM",,"false","false","https://s3-media0.fl.yelpcdn.com/bphoto/Kwv16TeExWDWWLLbCNq7Cw/ls.jpg"
"Basta Pasta","1446","4 star rating","(212) 366-0888","Medium","Italian、 Japanese","Flatiron","37 W 17th St","Manhattan","5:00 PM - 9:30 PM","Delivery、Takeout、Sit-down dining、Outdoor seating、Indoor dining","true","true","https://s3-media0.fl.yelpcdn.com/bphoto/vTXQdjnTGKpRs3_gamdVIw/ls.jpg"
"Employees Only","1449","4 star rating","(212) 242-3021","High","American (New)、 Cocktail Bars、 Desserts","West Village","510 Hudson St","Manhattan","4:00 PM - 12:00 AM (Next day)","Sit-down dining、Outdoor seating","false","false","https://s3-media0.fl.yelpcdn.com/bphoto/LN5SoyKDprSMMHoxugYqUQ/ls.jpg"
"Apotheke","1452","3.5 star rating","(212) 406-0400","High","Lounges、 Cocktail Bars","Chinatown","9 Doyers St","Manhattan","6:30 PM - 12:00 AM (Next day)","Sit-down dining、Outdoor seating、Indoor dining、Heated outdoor seating、Covered outdoor seating、Virtual tasting sessions","false","false","https://s3-media0.fl.yelpcdn.com/bphoto/stALaZ6bk_gf-kqEs6e3hw/ls.jpg"
"Big Wong","1457","3.5 star rating","(212) 964-0540","Low","Chinese、 Seafood","Chinatown","67 Mott St","Manhattan","9:00 AM - 6:00 PM",,"false","false","https://s3-media0.fl.yelpcdn.com/bphoto/0e1jxB0WWPyoFA9IERfJmw/ls.jpg"
"Go Go Curry Times Square","1459","4 star rating","(212) 730-5555","Medium","Japanese Curry、 Comfort Food","Midtown West","273 W 38th Street","Manhattan","11:00 AM - 8:00 PM",,"false","false","https://s3-media0.fl.yelpcdn.com/bphoto/1kK6bG-qrxVOcv9rlTQvpA/ls.jpg"
"Smith & Wollensky","1457","3.5 star rating","(212) 753-1530","Very High","American (Traditional)","Midtown East","797 3rd Ave","Manhattan","5:00 PM - 11:00 PM","Delivery、Takeout、Curbside pickup、Sit-down dining、Outdoor seating、Indoor dining、Heated outdoor seating、Covered outdoor seating、Private dining","true","true","https://s3-media0.fl.yelpcdn.com/bphoto/Ecb6_J2pwjvARScbFg_9Ow/ls.jpg"
"Raines Law Room","1462","4.5 star rating","Unknown","High","Lounges、 Cocktail Bars、 Venues & Event Spaces","Unknown","48 W 17th St","Manhattan","12:00 PM - 11:00 PM","Outdoor seating、In-person visits、Indoor dining、Heated outdoor seating、Covered outdoor seating","false","false","https://s3-media0.fl.yelpcdn.com/bphoto/CHWNi0sxLuPRDs39PP834A/ls.jpg"
"Lillie’s Victorian Establishment","1465","4 star rating","(212) 957-4530","Medium","Bars、 Gastropubs、 Burgers","Theater District","249 W 49th St","Manhattan","11:45 AM - 12:00 AM (Next day)","Delivery、Takeout、Curbside pickup、Sit-down dining、Indoor dining","true","true","https://s3-media0.fl.yelpcdn.com/bphoto/lv1yDDDoSCoOYzRPXbrleg/ls.jpg"
"Five Senses","1466","4 star rating","(212) 441-0005","Medium","Korean、 Barbeque","Koreatown","9 W 32nd St","Manhattan","11:00 AM - 10:00 PM","Delivery、Takeout、Indoor dining","true","true","https://s3-media0.fl.yelpcdn.com/bphoto/Wxh01qA7K-xUVM-0pqBCdg/ls.jpg"
"Bubby’s Tribeca","1467","3.5 star rating","(212) 219-0666","Medium","American (Traditional)、 Breakfast & Brunch、 Sandwiches","TriBeCa","120 Hudson St","Manhattan","8:00 AM - 10:00 PM","Delivery、Takeout、Curbside pickup、Sit-down dining","true","true","https://s3-media0.fl.yelpcdn.com/bphoto/0arpohu3IpvXrIA7DJNA5Q/ls.jpg"
"Tavern on the Green","1470","3.5 star rating","(212) 877-8684","High","American (New)、 Cocktail Bars","Central Park","67 Central Park W","Manhattan","9:00 AM - 11:00 PM",,"false","false","https://s3-media0.fl.yelpcdn.com/bphoto/fBgjO70lHBgEJtY8K_6BUg/ls.jpg"
"Soba-ya","1471","4 star rating","(212) 533-6966","Medium","Japanese、 Noodles","East Village","229 E 9th St","Manhattan","1:00 PM - 9:00 PM","Delivery、Takeout、Outdoor seating、Indoor dining","true","true","https://s3-media0.fl.yelpcdn.com/bphoto/xGWd2_qlV4fejCuJkJIAVg/ls.jpg"
"Rosa Mexicano","1472","3.5 star rating","(212) 533-3350","Medium","Mexican","Flatiron","9 E 18th St","Manhattan","11:30 AM - 9:30 PM","Delivery、Takeout、Curbside pickup、Sit-down dining、Indoor dining、Private dining","true","true","https://s3-media0.fl.yelpcdn.com/bphoto/MPdw9iIOr2Q9b4kKQa4ZYw/ls.jpg"
"Anytime","1477","4.5 star rating","(646) 669-7733","Medium","Korean、 American (New)、 Tapas/Small Plates","Koreatown","23 W 32nd St","Manhattan","4:30 PM - 12:00 AM (Next day)",,"false","false","https://s3-media0.fl.yelpcdn.com/bphoto/mwfd6G6Zjb77Cv4WoECUXQ/ls.jpg"
"La Lanterna Di Vittorio","1478","4 star rating","(917) 639-3236","Medium","Italian、 Cafes、 Pizza","Greenwich Village","129 MacDougal St","Manhattan","10:00 AM - 12:00 AM (Next day)",,"false","false","https://s3-media0.fl.yelpcdn.com/bphoto/fniemSih6k-Gy103nmNVxg/ls.jpg"
"Brooklyn Bagel & Coffee Company","1478","4 star rating","(212) 924-2824","Low","Bagels、 Breakfast & Brunch、 Cafes","Chelsea","286 8th Ave","Manhattan","7:00 AM - 4:30 PM","Delivery、Takeout","true","true","https://s3-media0.fl.yelpcdn.com/bphoto/hUTrABJ4rEdz9YvjFTTWFA/ls.jpg"
"Dhaba Indian Cuisine","1495","3.5 star rating","(212) 679-1284","Medium","Indian、 Buffets","Flatiron","108 Lexington Ave","Manhattan","12:00 PM - 1:00 AM (Next day)","Delivery、Takeout、Sit-down dining、Outdoor seating","true","true","https://s3-media0.fl.yelpcdn.com/bphoto/Efhl_heypCY732jne50d1g/ls.jpg"
"Sundaes and Cones","1501","4.5 star rating","(212) 979-9398","Low","Ice Cream & Frozen Yogurt、 Bakeries","East Village","95 E 10th St","Manhattan","12:00 PM - 10:00 PM","Delivery、Takeout、Sit-down dining","true","true","https://s3-media0.fl.yelpcdn.com/bphoto/Px5xKy2MKYCy2AynDFh0BQ/ls.jpg"
"The MasalaWala","1507","4.5 star rating","(212) 358-9300","Medium","Indian、 Vegetarian、 Halal","Lower East Side","179 Essex St","Manhattan","12:00 PM - 10:00 PM",,"false","false","https://s3-media0.fl.yelpcdn.com/bphoto/4fxSLoYtYtP-lDIRQZ-LJw/ls.jpg"
"The Kati Roll Company","1532","4 star rating","(212) 730-4280","Low","Indian、 Halal","Midtown West","49 W 39th St","Manhattan","11:00 AM - 10:00 PM","Delivery、Takeout","true","true","https://s3-media0.fl.yelpcdn.com/bphoto/myOO9urRL9fAhNhzStmCug/ls.jpg"
